Date,ADV,ALTG,ARKO,ASLE,ATCX,ATNF,AVCT,BFI,BWMX,CERE,CLVR,CURI,DKNG,DM,DMS,DNMR,EOSE,EQOS,FREE,FSR,GB,GCMG,GDYN,GNOG,GOEV,GSMG,HOFV,HPK,HTOO,HYLN,HYMC,ID,IGIC,IMTX,LAZR,LGHL,LPRO,METX,MP,MPLN,NKLA,OPEN,PAE,PAYA,PRCH,QS,RIDE,RMO,RSI,RVPH,SFT,SJ,SKLZ,TLMD,TRIT,TTCF,UK,UTZ,VINC,VLDR,VRT,VVNT,XL
2020-01-02,,,,10.2,10.1814,,,,,,10.13,,,9.99,10.35,,,,10.1,,,10.26,,,,3.0,7.40853832282794,10.355,10.35,9.95,10.36,10.3,,,10.2,,10.55,,,,10.32,,10.36,10.19,,,9.97,9.98,,,,,,,,,,,,10.165,11.22,,
2020-01-03,,10.09,10.03,,10.1225,,,,,,,,,10.0,10.35,,,,10.1,,,10.27,,,,,,10.35,10.34,,10.36,,10.55,10.618,10.25,,10.55,,,,10.3,,10.39,10.18,,,,9.99,,,,,,,9.96,,,,,10.2,11.24,,
2020-01-06,,,10.05,,10.16,,8.805,,,,10.13,,,9.98,10.32,,,,10.1,10.17,,,,9.91,,,7.42964526961662,10.35,10.34,9.99,,10.305,10.55,,10.36,,10.55,,,,10.32,,10.365,,,,10.0,10.05,,,10.05,,,,,10.25,,,,,11.32,,
2020-01-07,,10.11,10.08,10.16,10.1002,,,,,,10.13,,,10.02,10.34,,,,10.11,10.17,,10.27,,9.92,,,7.42964526961662,10.37,,10.02,10.35,,10.56,,,,10.5,,,,10.33,,10.345,10.19,,,9.97,10.0176,,,10.08,,,,9.98,10.24,9.93,,,10.21,11.41,,
2020-01-08,10.9,10.11,10.08,10.15,10.15,10.55,,,,,10.13,10.0,,9.99,10.34,,,,10.11,10.16,,10.27,,10.0,,2.5,,10.36,,10.03,10.36,10.31,10.58,10.5699,10.26,,10.46,,,,10.3418,,10.4,10.1894,,,10.04,10.02,,10.45,10.05,,,,,,9.97,,,10.2,11.45,,
2020-01-09,10.58,10.12,10.11,10.18,10.18,,,10.5,,,10.1412,9.9,,10.04,10.35,,,,10.13,10.17,,10.3,,9.98,,,,10.39,10.34,,,10.33,10.6,10.57,10.29,,10.45,,,,10.35,,10.4,10.2,,,10.04,10.04,,,,,,,10.02,,,,,,11.75,,
2020-01-10,10.59,10.14,10.13,10.155,10.155,,,10.5312,,,,9.9,,10.05,,,,,10.15,10.17,,10.33,,10.0,,2.8,,10.4,,10.03,,10.33,10.61,10.58,10.35,,10.42,,,,10.33,,10.41,10.195,,,10.02,10.02,,,,,,,10.02,,,,,,11.67,,
2020-01-13,10.7,10.17,10.15,10.17,10.1785,,,10.52,,,,9.94,,10.05,10.357999999999999,,,,10.15,,,10.32,,10.02,,3.0980000000000003,,10.385,10.4187,,10.37,10.32,10.575,,10.4,,10.475,,,,10.34,,10.5,10.2,,,10.06,10.04,,,,,,,10.03,,,,,,11.67,,
2020-01-14,10.7,10.18,10.2,10.1641,10.15,,10.05,,,,,,,10.02,10.36,,,,10.15,10.17,,,,,,3.08,7.429926695573799,10.36,10.41,,10.36,,10.6,10.55,10.46,,10.45,,,,10.35,,10.72,10.23,,,10.02,10.02,,10.46,,,,,10.02,10.24,9.92,,,10.19,11.7,,
2020-01-15,10.99,10.185,10.2,10.17,10.15,,,,,,,9.94,,10.05,10.35,,,,10.15,10.19,,10.31,,10.1,,2.7,7.4507522164052995,10.41,10.4499,,10.36,10.33,10.6,,10.5,,10.45,,,,,,10.85,10.25,,,,10.03,,,,,,,,10.24,,,,10.19,11.71,,
2020-01-16,11.0,10.32,10.25,10.18,10.17,,,,,,,,,10.04,10.35,,,,10.155,10.19,,10.33,,9.88,,2.8,,10.385,10.38,10.05,10.38,,10.53,10.6,10.5,,10.47,,,,10.3499,,10.85,10.25,,,10.04,10.04,,,,,,,10.0,10.3,9.95,,,,11.67,,
2020-01-17,10.6,10.32,10.19,10.18,10.1816,,,,,,,9.875,,10.04,10.3485,,,,10.15,10.19,,10.38,,,,2.63001,,10.38,,10.04,10.37,10.11,10.58,10.6,10.55,,10.5,,,,10.34,,10.8,10.2,,,10.04,10.06,,10.45,,,,,10.0,10.3,,,,10.11,11.4,,
2020-01-21,10.75,10.26,10.19,,10.15,,,,,,,,,10.03,10.355,,,,10.15,10.23,,10.4,,9.99,,2.8,7.4437165674757395,10.4,10.4511,10.03,10.35,10.34,10.45,10.6,10.59,,10.5,,,,10.35,,10.75,10.23,,,10.05,10.0529,,,,,,,10.0,10.31,9.98,,,10.19,11.5,10.4,
2020-01-22,,10.28,10.2,10.18,10.16,,,,,,10.15,,,10.03,10.35,,,,10.14,10.21,,10.4,,9.88,,3.468,,10.43,10.415,10.03,10.35,10.32,10.48,10.675,10.6,,10.55,,,,10.35,,10.83,,,,,10.04,,10.5525,,,,,10.0396,10.3,9.96,,,10.1955,11.59,11.5,
2020-01-23,,10.2368,10.2,10.18,10.19,,,10.53,,,,9.94,,10.04,10.36,,,,10.14,10.21,,10.387,,9.95,,,,10.4,10.35,10.07,10.35,10.35,10.45,10.6,10.59,,10.53,,,,10.35,,10.8,10.25,,,10.08,10.04,,,,,,,,10.32,9.95,,,,11.7,11.83,
2020-01-24,,10.23,10.15,10.208,10.19,10.55,,10.546,,,,,,10.0,10.36,,,,10.14,10.19,,,,,,,7.492966109982669,10.43,,10.03,10.36,,10.52,10.61,10.58,,10.5,,,,10.34,,10.715,10.21,,,10.04,,,,,,,,,10.31,,,,10.2,11.91,11.72,
2020-01-27,10.8,10.205,10.18,,10.2,,10.501,10.548,,,,9.88,,10.01,10.42,,,,10.14,10.18,,10.36,,9.97,,,7.492966109982669,10.44,10.43,10.02,10.36,,10.45,10.5782,10.6,,10.54,,,,10.34,,10.57,,,,10.04,10.04,,,,,,,10.01,10.295,,,,10.19,12.16,11.71,
2020-01-28,10.8,10.2,10.19,10.2,10.23,,,,,,10.15,9.9,,10.04,10.43,,,,10.16,10.18,,,,9.97,,,7.48593046105311,10.42,10.44,10.03,10.36,10.35,10.55,10.6,,,10.52,,,,10.345,,10.59,,,,10.04,10.05,,,,,,10.0,10.02,10.28,,,,,12.51,11.8,
2020-01-29,,10.2,10.15,10.2,10.2,,,,,,10.15,9.9,,10.05,10.43,,,,10.15,10.2,,10.4,,,,,,10.43,10.35,10.035,10.37,,10.55,10.413,10.56,,10.5,,,,10.35,,10.47,10.26,,,,10.05,,,10.06,,,10.05,10.03,10.34,,,,,12.63,17.3,
2020-01-30,,10.22,10.18,10.22,10.1501,,10.5,,,,,,,,10.43,,,,10.14,10.18,,,,10.03,,2.3,,10.42,10.35,10.03,10.37,10.36,10.59,10.69,10.6,,10.55,,,,10.3484,,10.36,10.23,,,,10.05,,,,,,,,10.34,,,,10.18,12.49,19.4,
2020-01-31,,10.24,10.18,10.1967,10.205,10.72,,,,,,,,10.0485,10.42,,,,10.12,,,,,10.03,,2.201,7.457787865334869,10.42,10.42,10.03,10.36,10.42,10.5,10.6988,,,10.6341,,,,10.34,,10.37,10.255,,,10.08,10.08,,,,,,,,10.34,,,,10.18,12.4,16.66,
2020-02-03,,10.22,,10.18,10.205,,,,,,,9.91,,10.03,10.43,,,,10.11,10.22,,,,,,,7.47889481212355,10.42,,10.03,10.36,10.4,10.4,10.6292,10.585999999999999,,10.66,,,,10.35,,10.31,10.23,,,10.08,10.08,,,,,,10.0,,10.33,,,,10.2,12.38,14.25,
2020-02-04,,10.22,10.19,10.23,10.22,,,,,,10.13,9.92,,10.06,10.42,,,,10.16,10.22,,,,,,,7.47889481212355,10.42,,10.07,10.36,,10.58,10.5058,10.58,,10.8,,,,10.36,,10.2,,,,10.1,10.08,,10.5,,,,,,10.33,10.03,,,10.18,12.69,12.85,
2020-02-05,10.775,10.27,10.2,10.18,9.3,,,10.57,,,10.13,9.92,,10.07,10.44,,,,10.19,10.2,,,,,,,7.492966109982669,10.41,,,10.29,10.42,10.6,10.7,10.6,,11.0,,,,10.36,,10.62,,,,10.08,10.08,,,10.07,,,,10.02,10.33,10.05,,,10.215,12.79,14.11,
2020-02-06,,10.21,10.2,10.24,9.89,,,10.53,,,10.13,9.935,,10.05,10.57,,,,10.19,,,10.4,,,,,7.40853832282794,10.43,,10.03,10.29,10.42,10.57,10.7,10.605,,10.98,,,,,,11.04,,,,10.1,10.09,,,,,,10.01,10.01,10.32,,,,10.25,12.86,14.23,
2020-02-07,,10.3,10.2,,10.0572,,,,,,,9.94,,10.04,10.54,,,,10.16,10.2,,10.4,,,,2.313,,10.45,,,,10.41,10.5,,10.6,,11.1,,,,10.38,,11.06,10.26,,,10.1085,10.1,,10.51,,,,10.09,10.05,10.3371,,,,10.23,12.88,14.16,
2020-02-10,,10.34,,,10.1047,,10.5378,,,,,9.9672,,,10.55,,,,10.19,,,,,10.05,,2.5,,10.48,,10.03,,10.4245,10.6,,10.6,,11.2,,,,10.4,,11.15,10.25,,,10.12,10.0872,,10.53,,,,,,10.33,,,,10.23,13.0,12.6,
2020-02-11,,10.35,10.18,,10.75,,,,,,10.13,9.984,,10.08,10.55,,,,10.16,10.23,,10.38,,,,2.55,7.52110870570092,10.43,,,10.32,10.4,10.6,10.6,10.6,,11.24,,,,10.38,,11.5,10.22,,,,10.09,,10.55,,,,10.05,,10.36,,,,10.23,12.75,12.81,
2020-02-12,10.8,10.34,10.21,10.22,10.42,,,10.57,,,,,,10.08,10.54,,,,10.18,10.2206,,,,9.98,,2.8,,10.43,10.4,10.05,10.34,,10.45,,,,11.24,,,,10.38,,11.6,10.23,,,,,,10.564,10.08,,,,,10.4,,,,10.23,12.5,14.08,
2020-02-13,10.7,10.35,10.24,,10.33,,,,,,,,,10.08,10.55,,,,10.35,10.2,,10.33,,,,2.275,,10.42,,10.05,10.3,10.4,10.47,10.78,10.575,,11.14,,,,10.37,,11.65,10.24,,,,10.07,,10.54,,,,,,10.35,,,,10.23,12.67,15.14,
2020-02-14,,10.38,10.22,10.19,10.0756,,,10.56,,,,,,10.1,10.53,,,,10.32,10.2198,,,,10.0374,,3.0,7.4887447206249425,10.43,10.3064,10.05,10.295,10.42,10.45,10.79,10.59,,10.9,,,,10.36,,11.6,10.25,,,,10.07,,10.54,,,,,10.05,10.33,,,,,13.0,16.27,
2020-02-18,10.8,10.499,10.23,10.23,13.0,,10.7879,10.53,,,10.14,,,10.1,10.51,,,,10.32,10.2,,10.33,,10.13,,4.0,7.500634967315888,,,10.04,,,10.45,,10.55,,10.895,,,,10.37,,11.66,10.25,,,,10.07,,,,,,,10.03,10.35,10.05,,,10.22,13.34,16.55,
2020-02-19,10.9,10.6,10.25,10.24,11.95,,,,,,,,,10.1,10.52,,,,10.33,10.19,,,,10.13,,2.305,7.50239387954828,10.44,,10.04,10.31,10.42,10.55,10.84,10.6,,10.85,,,,10.34,,11.71,10.25,,,10.11,10.07,,10.55,,,,10.06,10.03,,10.0997,,,10.235,13.46,17.687,
2020-02-20,10.87,10.45,10.29,,9.62,,,,,,10.31,9.96,,10.1,10.5,,,,10.33,,,,,10.13,,2.045,7.42964526961662,10.49,10.43,,10.31,10.43,10.47,10.85,,,10.75,,,,10.38,,11.61,,,,10.115,10.06,,10.5695,,,,,10.03,10.35,10.05,,,10.2266,13.0,18.41,
2020-02-21,10.8,10.35,10.32,,9.7194,,,,,,10.26,9.94,,10.12,10.49,,,,10.32,,,10.33,,10.14,,2.02,,10.49,10.4,10.05,10.373,10.47,10.4999,10.84,10.61,,10.74,,,,10.49,,11.7,,,,10.1,10.08,,,,,,,,10.35,,,,,12.85,19.0,
2020-02-24,11.0,9.51,10.32,10.1944,9.66,,9.9274,,,,10.14,9.93,,10.15,10.47,,,,10.29,10.22,,10.5,,10.14,,1.9,7.457787865334869,10.45,10.4,10.05,10.32,10.45,10.53,10.84,10.51,,10.74,,,,10.45,,11.5,,,,,10.09,,10.55,,,,,10.04,10.4,,,,10.22,12.69,18.5,
2020-02-25,10.95,9.32,,10.24,9.5,,,10.53,,,10.13,9.93,,10.14,10.44,,,,10.3,10.21,,,,10.14,,1.7,7.47903552510214,10.5,10.421,10.047,10.31,10.42,10.46,10.7862,10.58,,10.65,,,,10.4,,11.41,,,,10.1,10.07,,10.55,10.09,,,,10.03,10.35,,,,10.22,12.5,19.58,
2020-02-26,10.95,9.41,10.25,10.19,9.65,,10.9,10.55,,,10.13,9.93,,10.14,10.42,,,,10.26,10.23,,,,,,1.66,7.4437165674757395,10.44,,10.04,,10.4,10.55,10.76,10.55,,10.56,,,,10.39,,11.33,10.2333,,,10.1,10.08,,,,,,10.04,10.01,10.35,10.0,,,10.23,12.32,20.07,
2020-02-27,11.18,9.24,10.28,10.2,9.96,,11.25,,,,10.13,9.92,,10.15,10.43,,,,10.27,10.19,,,,10.13,,1.6,7.4437165674757395,10.47,10.42,10.03,,,10.47,,10.5722,,10.6481,,,,10.3966,,10.93,10.25,,,10.115,10.08,,,,,,,10.01,10.35,,,,10.22,11.84,19.15,
2020-02-28,,8.81,10.32,10.16,9.9,,,10.55,,,,9.9,,10.09,10.37,,,,10.2,10.18,,10.33,,10.12,,1.67,7.457787865334869,10.46,,10.03,10.38,10.4,10.35,10.68,10.6,,10.51,,,,10.37,,10.95,10.22,,,,10.05,,10.562999999999999,,,,10.0,10.0,10.4,,,,10.21,11.79,19.08,
2020-03-02,11.09,8.71,10.33,10.1675,9.34,,,,,,10.1498,10.0,,10.07,10.39,,,,10.17,10.19,,,,10.11,,1.82,7.47185916319399,10.44,,10.07,,10.42,10.45,,10.6,,10.67,,,,10.35,,10.75,10.21,,,10.08,,,,,,,,10.02,10.4,,,,10.24,11.76,22.86,
2020-03-03,,8.45,10.21,10.18,10.03,,,,,,10.19,9.9,,10.0673,10.39,,,,10.18,10.28,,10.33,,,,1.57,7.492966109982669,10.44,10.44,10.02,10.39,,10.41,10.5878,,,10.65,,,,11.5,,10.64,,,,,,,,,,,10.05,10.02,10.4,,,,10.22,11.14,20.99,
2020-03-04,11.1,8.84,10.26,10.16,9.35,10.6203,,,,,10.15,,,10.08,10.4,,,,10.22,10.31,,10.39,,10.01,,1.8,,10.47,10.44,10.02,,,10.4,,10.6,,10.56,,,,14.7,,10.95,,,,,,,,,,,10.05,9.99,10.3962,,,,10.27,11.24,25.1,
2020-03-05,,8.66,,10.1662,9.09,,,,,,,9.95,,10.15,10.34,,,,10.2,10.28,,10.4,,10.105,,1.8736,7.48593046105311,10.47,,10.05,10.318,10.42,10.4,,10.6,,10.625,,,,14.7,,10.75,,,,,,,,,,,10.0,10.0,10.35,,,,,10.49,23.4,
2020-03-06,,8.73,10.31,10.16,9.0,10.58,,,,,10.13,9.984,,10.06,10.33,,,,,10.21,,10.4,,10.07,,1.98,7.457787865334869,10.49,,10.07,,10.3982,10.39,,,,10.37,,,,13.74,,10.6,,,,10.05,,,,,,,,10.01,10.34,,,,10.27,10.0,26.54,
2020-03-09,11.16,8.0,10.2,10.15,8.0,,,,,,10.09,9.702,,10.0,10.26,,,,10.1,10.14,,10.3,,9.9,,1.97,7.4597578470351396,10.5,10.44,,,10.38,10.4,,,,10.32,,,,11.76,,9.79,,,,10.016,,,10.5,,,,,,10.3,10.06,,,10.44,9.95,22.95,
2020-03-10,,8.18,10.19,10.15,8.44,,,,,,10.1,9.9,,10.09,10.29,,,,10.17,10.15,,10.3,,9.94,,2.18,,10.42,,10.05,10.31,10.38,10.37,,10.5218,,10.2957,,,,12.0,,9.93,,,,,,,10.55,10.05,,,10.0,9.93,10.28,9.855,,,10.22,11.1,25.65,
2020-03-11,,7.35,,10.12,8.35,,11.0,10.55,,,10.13,,,10.04,10.36,,,,10.11,10.1252,,10.29,9.08,9.97,,2.18,7.47889481212355,10.5,10.42,,10.31,10.37,11.14,10.51,10.5,,10.35,,,,11.35,,9.41,10.1695,,,10.0,,,,10.05,,,9.97,9.9,10.3,10.0,,,10.2,10.65,27.98,
2020-03-12,11.0,5.86,,10.0,5.28,,9.03,10.55,,,,9.75,,9.9,10.2,,,,10.01,10.06,,10.2,8.25,9.85,,2.445,7.353378835220178,10.48,10.4,9.95,10.41,10.34,8.01,10.25,,,10.23,,,,11.02,,7.55,10.08,,,9.85,9.93,,10.5,9.99,,,9.94,9.8,10.28,9.97,,,10.2,8.7,23.33,
2020-03-13,11.0,5.64,9.9,,5.605,10.55,9.9,10.5,,,10.065,9.72,,9.8,10.2,,,,10.03,10.07,,10.2,8.26,9.8,,2.925,,10.4,10.37,9.85,,10.3,8.83,10.2,10.5,,10.1,,,,11.24,,6.0,10.05,,,10.0,9.85,,10.5,10.0,,,,9.75,10.28,,,,10.16,8.9,22.22,
2020-03-16,10.68,4.51,9.62,,5.3,,7.49,,9.08,,,,,9.69,10.16,,,,9.88,9.93,,10.05,6.72,9.65,,3.13,7.38743137603925,10.46,,9.7005,,10.25,7.17,9.8412,9.73,,10.19,,,,10.94,,5.1,10.15,,,9.7,9.7,,10.35,,,,9.65,9.69,10.1,9.02,,,10.04,7.73,11.55,
2020-03-17,10.415,4.39,9.62,,5.27,,,10.5801,,,10.0,9.6,,9.58,10.17,,,,9.8,10.09,,10.1,6.4,9.5,,3.1766,,10.4,,9.676,10.0,10.1,8.32,10.25,10.0,,10.09,,,,10.76,,4.85,10.05,,,9.65,9.67,,10.35,9.8,,,,9.68,10.12,,,,10.05,7.25,11.69,
2020-03-18,,3.75,9.36,10.02,5.81,10.0,,10.64,8.85,,9.85,9.65,,9.4,10.23,,,,9.44,9.9,,10.0,5.5,9.34,,3.2,7.3882756539108,10.4,10.2,9.55,9.97,10.01,,10.1399,9.7,,10.0,,,,10.5,,3.45,9.86,,,9.5,9.58,,10.38,9.8546,,,9.37,,,9.15,,,10.1,5.57,10.31,
2020-03-19,,3.75,9.4,,6.14,,,,8.5,,9.91,,,9.525,10.05,,,,9.41,,,10.08,6.01,9.26,,3.218,7.299485764419741,10.25,,9.62,9.8501,9.94,7.5,10.15,9.6,,10.0,,,,10.7,,5.0,9.96,,,9.6,9.5,,,9.8,,,9.5,9.5,10.05,9.9,,,10.14,6.76,10.15,
2020-03-20,,3.76,9.57,9.9,5.01,,4.8,,6.2,,,,,9.55,10.1,,,,9.5,9.99,,10.1,5.7,9.4,,3.5,,10.3,,9.62,10.0,10.25,6.73,10.2,9.76,,10.07,,,,10.65,,6.12,9.8,,,9.6,9.62,,10.2766,,,,9.3,9.75,10.11,9.83,,,10.131,7.36,10.15,
2020-03-23,10.0,4.25,9.57,,5.4,,5.0,10.35,7.68,,9.98,9.49,,9.58,10.1,,,,9.53,9.95,,10.15,6.4,9.69,,3.46,7.1939510304763195,10.32,,9.62,9.8,10.25,6.93,9.99,9.75,,10.07,,,,10.7,,6.42,9.95,,,9.65,9.55,,10.43,9.85,,,,9.7,10.15,9.6,,,10.1,6.76,11.05,
2020-03-24,,4.43,9.49,9.9,6.15,,,,,,,9.51,,9.72,10.18,,,,9.57,10.14,,10.25,7.09,,,3.6,7.4568732309740176,10.3,10.25,9.65,,10.23,7.0,10.08,9.76,,10.06,,,,10.81,,6.31,9.95,,,9.71,9.7,,10.35,9.94,,,,9.7,10.25,9.6,,,10.19,7.68,12.18,
2020-03-25,,4.54,9.62,9.95,7.0801,,,10.55,8.8,,10.04,,,9.8,10.2,,,,9.89,10.15,,10.26,7.0,9.61,,4.15,,10.35,,9.7,10.2687,10.32,6.2941,10.16,9.99,,10.08,,,,10.95,,6.42,,,,9.97,9.85,,10.5,9.95,,,9.59,9.8,10.25,9.8,,,10.16,8.92,11.75,
2020-03-26,,4.4,9.7988,10.01,8.8,,,,8.0,,10.1,9.625,,9.94,10.2,,,,9.85,10.15,,,7.33,9.78,,4.31,,10.37,,9.8,10.3,10.4,6.73,10.23,,,10.2,,,,11.05,,6.95,10.0109,,,9.83,9.96,,10.47,10.0,,,9.6,9.85,10.3,9.85,,,10.2,8.88,11.98,
2020-03-27,,4.32,9.9,10.01,9.2,,5.1,10.56,,,,9.95,,9.91,10.24,,,,9.87,10.1,,10.27,7.38,,,4.27,7.14125401999391,,10.4,9.83,10.29,10.34,6.75,10.25,9.9,,10.06,,,,10.88,,6.92,10.01,,,,10.0,,,10.04,,,9.85,9.89,10.27,9.85,,,10.2,8.22,12.32,
2020-03-30,,4.12,9.87,10.05,8.14,,,,8.0,,,,,9.95,10.3,,,,9.9,10.13,,10.26,7.94,9.82,,4.18,,10.39,10.4,,10.35,10.38,8.28,10.3,9.9,,10.11,,,,10.9754,,6.94,10.05,,,9.88,9.85,,10.52,,,,9.8,9.81,,9.93,,,10.2,8.14,12.12,
2020-03-31,9.9,4.27,9.79,10.05,8.59,,,,9.3399,,10.12,9.81,,9.94,10.3,,,,9.87,10.12,,10.29,8.0,9.8,,4.12,,10.39,,,10.3483,10.37,8.0,10.1801,10.16,,10.15,23.39,,,10.64,,6.49,10.01,,,10.4,9.9245,,,10.06,,,,9.84,10.29,10.19,,,10.17,8.65,12.54,
2020-04-01,,4.08,9.75,10.055,7.0518,,,10.6489,10.0399,,10.12,9.8,,9.96,10.3,,,,9.89,10.1,,10.26,7.86,9.85,,4.36,,10.4421,10.43,9.9,,10.38,7.1,10.25,10.15,,10.12,14.5,,,10.59,,6.52,9.95,,,10.23,9.87,,10.56,,,,,9.87,10.32,9.95,,,10.18,8.07,12.31,
2020-04-02,,4.31,10.0,10.15,7.12,10.77,,10.582,8.33,,10.125,9.8,,9.96,10.3,,,,9.86,10.1,,,7.87,9.8,,4.21,7.5422156524896,10.4421,,,10.35,10.39,7.35,,10.1,,10.15,15.2,,,10.8,,6.37,,,,10.09,9.91,,10.5,,,,9.85,9.9,10.32,9.92,,,10.28,8.13,12.27,
2020-04-03,,4.11,9.83,10.05,8.2,10.76,2.7,,,,10.12,9.68,,9.93,,,,,9.82,10.13,,10.26,8.0,9.85,,4.17,7.53166217909526,10.46,,,10.35,10.38,6.75,10.35,10.0,,10.2,14.8,,,10.8,,6.48,10.0,,,10.0124,10.0,,10.5,10.01,,,,9.85,10.32,9.95,,,10.2,7.9,11.63,
2020-04-06,,4.15,9.9,10.05,9.14,,3.88,10.6,,,10.12,9.725,,9.9,10.25,,,,9.85,10.11,,10.26,8.07,9.85,,4.49,7.50703740784179,10.47,,9.84,10.37,10.4,6.0,10.35,9.95,,10.15,14.19,,,11.0,,6.5,10.0502,,,10.04,9.9,,10.54,10.05,,,9.85,9.96,10.33,,,,10.2,8.6,11.99,
2020-04-07,9.96,4.46,9.85,,9.14,,2.68,,,,10.14,,,,10.32,,,,9.85,10.12,,,8.1,,,4.33,7.5422156524896,10.49,,9.9,10.37,10.39,6.0,10.35,9.95,,10.15,11.7938,,,10.94,,6.3,10.05,,,,,,,,,,,9.86,10.33,9.97,,,10.1904,8.14,12.0,
2020-04-08,,4.82,,,8.8,,2.0,10.6,7.84,,10.16,9.73,,9.91,10.31,,,,9.88,10.15,,10.35,8.15,9.84,,4.16,7.528144354630481,10.46,10.59,9.91,10.3699,10.4,6.0,,10.07,,10.17,12.8,,,11.01,,6.54,10.1,,,10.0,9.91,,10.55,10.05,,,,9.88,10.35,10.0,,,10.18,8.5,11.8,
2020-04-09,,5.0,9.87,,9.0,,1.87,10.57,,,10.14,,,9.9,10.25,,,,9.91,10.14,,10.28,8.1,9.75,,4.37,7.50703740784179,10.47,10.501,,,10.41,5.89,10.4,10.0907,,10.17,12.66,,,11.12,,6.75,10.03,,,9.85,,,10.55,,,,9.725,9.92,10.34,,,,10.21,9.19,11.0,
2020-04-13,,4.78,9.94,10.07,8.7,,1.722,10.62,,,,9.75,,9.9,10.27,,,,9.95,10.16,,10.33,8.0,9.85,,4.2,7.55628695034872,10.48,,,10.2801,10.4,6.095,10.4,,,10.19,12.91,,,11.75,,6.8,10.097000000000001,,,,,,,10.05,,,,9.89,10.35,10.02,,,10.16,9.65,11.09,
2020-04-14,9.98,4.72,9.9919,10.1,8.69,,2.18,10.58,7.43,,10.2,,,9.96,10.31,,,,9.93,10.15,,10.35,8.29,9.86,,4.24,7.57739389713741,10.48,,9.94,10.37,10.4,6.1,,10.09,,10.25,14.22,,,12.14,,6.73,10.09,,,,9.95,,,10.05,,,9.8,9.94,10.35,10.02,,,10.21,9.88,10.94,
2020-04-15,,4.71,,,8.7,,2.15,10.65,,,10.16,,,9.99,10.3,,,,9.89,10.17,,10.28,7.7,,,4.5,,10.48,,,,10.41,6.0,,10.03,,10.19,12.37,,,11.8,,6.43,,,,,9.95,,,10.05,,,,9.77,10.35,10.01,,,10.18,9.72,10.42,
2020-04-16,,4.58,,10.18,8.99,,2.03,,,,,,,9.94,,,,,9.93,10.17,,,7.5,9.83,,4.7,7.6011743905193185,10.47,,,,10.41,6.0,10.3,10.08,,10.25,12.6,,,11.7,,6.37,,,,9.88,9.965,,,,,,9.8,,10.4,10.02,,,10.186,10.0,10.13,
2020-04-17,,4.48,9.93,,8.7,,2.055,,9.52,,10.19,9.78,,9.92,10.32,,,,9.93,10.17,,,8.23,9.89,,4.88,7.563322599278281,10.48,,9.93,,10.4,6.6,10.44,10.1,,10.2,12.75,,,11.74,,6.66,,,,9.9,9.9351,,,10.59,,,,9.9,10.38,,,,10.225,10.28,9.91,
2020-04-20,10.15,4.6,10.0,10.18,8.515,,1.85,10.6229,9.5,,,9.76,,10.0,10.32,,,,9.93,10.16,,10.3,8.17,,,4.89,7.6011743905193185,10.48,,9.93,10.31,10.4,6.665,10.52,10.1,,10.21,12.9,,,12.11,,7.25,10.11,,,9.92,,,,10.07,,,9.8,9.94,10.39,,,,10.19,10.26,9.58,
2020-04-21,10.22,4.5,,,8.85,,1.77,,,,,,,9.99,10.34,,,,10.0,10.17,,,8.1,9.86,,4.73,7.6011743905193185,10.48,,,10.31,10.41,6.0,10.550999999999998,10.07,,10.21,12.83,,,11.64,,6.98,,,,,10.0,,10.59,,,,9.8,9.925,10.43,,,,10.24,9.98,9.63,
2020-04-22,,4.55,,,9.5,,1.7736,10.62,,,10.1531,9.85,,9.93,10.35,,,,9.96,10.24,,10.33,8.4,9.9,,5.07,7.739213822517309,10.48,,,10.37,10.4,6.09,10.6,10.35,,10.25,12.55,,,12.05,,7.3,10.13,,,10.0,,,10.63,,,,,,10.42,,,,10.22,10.0,9.99,
2020-04-23,,4.59,,10.15,8.6937,,1.67,,9.24,,,9.8,,9.99,10.35,,,,,10.2,,10.33,8.44,9.86,,4.74,7.91510504575634,10.48,,,10.5282,10.36,6.88,,,,10.21,12.42,,,12.33,,7.49,10.13,,,9.97,9.98,9.62,10.61,,,,,10.0,10.42,,,,10.27,10.09,9.98,
2020-04-24,10.25,4.72,10.0,10.19,9.48,,1.75,10.62,,,10.14,9.95,19.35,10.05,10.32,,,,9.96,10.19,,10.32,8.3,,,4.5872,7.739213822517309,10.5,,,10.43,10.42,6.85,,10.34,,10.21,12.0,,,12.7,,7.86,10.14,,,10.04,,,,,,,,9.95,10.37,10.05,,,10.28,10.26,10.11,
2020-04-27,,4.7,9.95,,9.25,,2.0,,,,10.15,,19.52,10.04,10.35,,,,9.98,10.18,,10.34,8.4,10.0,,4.36,7.580911721602192,10.49,,9.94,10.5,10.43,7.23,10.53,,,10.23,11.89,,,14.35,,8.08,10.13,,,9.97,10.0,9.79,,10.09,,9.9,9.75,10.0,10.4,,,,10.21,10.37,10.78,
2020-04-28,10.5134,5.07,9.95,10.19,9.25,,1.99,,,,10.14,,18.24,9.96,10.35,,,,,10.18,,10.34,8.32,9.95,,3.91,7.549251301419162,10.48,,9.94,10.31,10.4,7.39,10.61,10.28,,10.23,11.92,,,13.9,,7.97,10.18,,,9.95,,,,,,9.9,,,10.43,10.03,,,10.18,10.45,11.0,
2020-04-29,,5.45,9.93,,9.06,,1.85,,,,,,19.4,10.0,10.34,,,,9.98,10.17,,10.33,8.25,,,3.7058,7.50703740784179,10.5,,,10.45,10.41,7.75,10.74,10.15,,10.25,11.9,,,13.94,,8.37,10.16,,,9.95,9.98,,,,,9.9,,,10.37,10.04,,,10.2,10.65,10.93,
2020-04-30,10.65,5.23,9.9,10.19,9.1,,1.78,11.15,9.24,,10.16,,19.46,10.04,10.3,,,,10.07,10.17,,10.32,7.99,9.85,,3.22,,10.48,10.4733,9.94,,10.4,6.65,10.67,10.2,,10.25,11.9,,,13.25,,8.49,10.17,,,,9.98,,10.61,10.07,,9.85,,9.99,10.35,10.19,,,10.23,10.59,10.4,
2020-05-01,10.4,4.91,9.95,10.15,9.09,,1.67,10.7,9.19,,10.16,9.8,20.12,9.98,10.3,,,,10.01,10.16,,10.34,7.77,,,3.39,,10.48,10.48,9.94,10.3984,10.39,6.88,10.75,10.2,,10.25,11.5997,,,13.0,,8.04,10.17,,,10.04,9.98,,10.61,10.07,,9.85,9.76,,10.37,,,,10.23,10.29,10.18,
2020-05-04,10.45,4.87,9.9,10.15,9.09,,1.715,,,,10.16,9.8,20.99,9.98,10.31,,,,10.03,10.175,,10.34,7.92,9.86,,3.26,,10.5,,,10.4499,10.42,6.0,10.7,10.2,,10.21,11.8091,,,13.09,,7.94,10.17,,,9.96,,,,,,9.84,9.8,,10.4,,,,10.24,10.09,10.64,
2020-05-05,,5.0,9.925,,9.09,,1.71,,9.05,,10.16,9.78,21.61,9.98,,,,,9.99,10.2,,10.32,8.35,,,2.8801,,10.5,,9.94,9.81,10.42,7.74,10.7,,,10.22,11.08,,,13.23,,8.3,,,,9.93,9.96,,,,,9.8417,,,10.41,,,,10.24,10.4,10.88,
2020-05-06,10.45,5.0,9.9,10.14,10.1,,1.69,10.7,9.0,,10.16,9.75,23.83,9.97,10.32,,,,10.0,10.15,,10.32,8.58,9.83,,2.66,,10.5,,9.89,10.45,10.43,7.0,10.57,10.2,,10.215,10.69,,,13.18,,8.5,,,,9.95,10.01,,,10.07,,9.857000000000001,,9.92,,,,,10.2,10.65,10.29,
2020-05-07,10.3,5.18,,10.13,10.5,,1.6,10.65,7.6629999999999985,,10.19,,23.51,9.95,10.31,,,,9.99,10.18,,10.32,9.16,,,2.63,,10.48,,9.94,10.37,10.39,7.4,10.74,,,10.2267,11.08,,,14.85,,8.98,,,,9.95,,9.6,10.62,,,9.86,,,10.41,,,,,10.87,10.19,
2020-05-08,10.35,5.15,9.92,10.13,10.68,,1.63,,9.7598,,,,23.45,9.95,10.31,,,,9.95,10.1975,,10.32,9.41,9.86,,2.6,,10.48,,,10.4002,10.4,7.4,10.74,10.2,,10.23,10.62,,,16.51,,9.46,,,,9.95,,,10.65,10.07,,10.0,9.825,,10.4,,,,10.25,11.01,11.58,
2020-05-11,,5.33,,,9.31,,1.7,,8.5,,,,24.46,9.95,10.31,,,,10.07,10.2,,,9.29,,,3.07,7.711071226799071,10.5,10.48,9.96,,10.39,6.61,10.7,10.22,,10.22,10.36,,,20.38,,9.38,10.17,,,9.99,,,10.64,,8.95,9.95,9.9,9.93,,,,,10.25,11.54,11.49,
2020-05-12,10.6,5.0,,10.13,9.15,,1.64,,8.5,,,,26.3,9.95,10.31,,,,10.07,10.2,,,7.98,9.93,,3.21,,10.56,,9.9,10.3,10.4,6.62,10.6,10.19,,10.23,10.35,,,27.1,,9.41,10.15,,,10.02,,,10.65,,8.175,10.0499,,9.94,,,,,10.26,11.56,12.22,
2020-05-13,10.8,4.54,9.9,10.13,9.38,,1.57,,,,10.19,9.69,25.855,9.94,10.31,,,,10.04,10.22,,,7.9,9.85,,2.44,,10.45,,,10.43,10.43,6.88,10.605,10.26,,10.25,9.24,,,30.3,,9.28,10.15,,,9.99,9.95,9.8,10.65,,7.45,10.15,,,10.35,,,,10.27,11.24,11.62,
2020-05-14,10.65,4.14,10.05,10.13,8.825,,1.57,,7.81,,10.19,9.7,25.31,9.94,10.32,,,,10.04,10.21,,10.3,7.81,10.0,,3.5573,,10.43,,9.945,10.4,10.73,6.34,10.89,10.25,,10.2299,9.31,,,25.79,,9.13,10.15,,,,9.951,,10.65,,7.01,10.165,9.81,9.94,10.78,,,,10.26,11.59,11.59,
2020-05-15,,5.6,,,8.95,,1.58,,,,,9.7999,29.23,9.94,10.32,,,,10.06,10.23,,10.32,8.27,9.94,,4.35,,,10.5142,,10.38,10.37,6.66,10.78,,,10.25,9.45,,,22.62,,9.1,10.15,,,,,9.75,,10.07,7.1,10.187000000000001,9.8,9.95,10.66,,,,10.31,11.45,11.98,
2020-05-18,10.6,6.24,,10.12,9.03,,1.64,,7.74,,10.19,,29.55,9.94,10.3,,,,10.03,10.23,,,8.46,,,4.18,,10.47,,,10.38,10.3,6.13,10.81,,,10.3,9.12,,,21.83,,9.45,10.15,,,,,,,10.07,6.54,10.2,9.8,,10.61,,,,10.3,11.71,11.74,
2020-05-19,10.35,6.0,,,9.75,,1.58,,,,10.21,,29.57,9.96,10.35,,,,10.03,10.24,,10.27,8.72,,,4.38,,10.43,10.503,,10.39,10.39,6.07,10.9,10.25,,10.27,9.56,,,25.18,,9.7,10.16,,,,9.9786,9.75,9.57,10.07,6.4,10.2,,,10.75,,,,10.52,11.75,11.6,
2020-05-20,10.6,6.55,,,10.2,,1.58,,,,,,29.69,9.9863,10.33,,,,10.07,10.23,,,8.59,9.85,,4.0,7.739213822517309,10.64,,9.92,10.4,10.33,5.75,10.91,,,10.245,9.6,,,22.85,,9.69,10.28,,,,,,,10.07,6.55,10.25,,10.01,10.84,10.02,,,10.39,11.97,11.34,
2020-05-21,10.6,6.68,10.14,,9.97,,1.58,10.65,7.8401,,10.22,9.7888,28.55,9.94,10.3,,,,10.07,10.24,,10.34,8.57,,,3.75,,10.47,,,10.35,10.4005,6.05,11.0,10.3,,10.27,9.86,,,24.08,,9.55,10.28,,,,,,11.2,10.07,5.55,10.25,,9.96,10.84,,,,10.4,12.02,11.49,
2020-05-22,10.6,6.64,10.28,,10.01,,1.58,,,,,,29.11,9.9631,10.34,,,,10.08,10.24,,,8.72,9.98,,3.49,,,,,10.335,10.36,5.93,10.99,,,10.25,10.36,,,25.66,,9.41,10.28,,,,,,10.575,,6.24,10.26,9.76,10.03,10.770999999999999,,,,10.4,12.07,11.42,
2020-05-26,,7.1,10.1,,10.56,,1.55,,8.6005,,,9.8,33.39,,10.34,,,,10.08,10.24,,,8.5,9.95,,3.06,,10.43,,,10.39,10.37,5.9,11.0,10.25,,10.26,10.43,,,28.5,,9.34,10.26,,,9.92,,9.75,10.64,,6.28,10.195,9.8,,10.75,,,,10.4,12.49,11.52,
2020-05-27,10.59,7.26,9.96,,10.43,,1.5357,,8.18,,10.2,,35.15,10.0,10.365,,,,10.11,10.22,,10.31,8.24,,,3.2,,10.6,,,10.5393,10.34,5.65,10.95,10.25,,10.26,10.25,,,28.63,,9.19,10.25,,,9.9391,9.97,,10.74,,6.52,10.21,9.8,9.94,10.79,,,9.35,10.445,12.45,11.43,
2020-05-28,10.51,6.86,10.05,,10.4,,1.57,10.59,,,10.21,,37.25,9.97,10.33,9.65,,,10.09,10.24,,10.32,8.07,,,3.09,,10.81,,9.96,11.05,10.34,5.5,11.0,,,10.25,10.42,,,27.5,,9.27,10.255,,,,,,,10.07,6.78,10.2,,,11.44,10.03,,,10.44,12.55,11.62,
2020-05-29,10.78,6.7,9.96,10.25,10.5,,1.62,,8.85,,10.19,9.78,39.7,9.94,10.33,,,,10.08,10.27,,10.35,7.97,,,3.19,7.6688573332217,10.8999,,10.0,12.65,10.4,5.89,13.4,10.25,,10.28,10.72,,,28.7,,9.4,10.25,,,9.93,,9.7496,10.5402,,6.81,10.25,9.9,10.0,12.91,10.1,,10.69,10.39,12.73,11.5,
2020-06-01,10.84,6.36,,10.35,10.5,,1.76,,,,10.68,,43.7,9.98,10.37,9.66,,,10.1,10.28,,10.35,8.38,9.95,,3.31,7.6688573332217,10.47,,10.05,11.5,10.442,5.75,14.0,10.34,,10.22,10.46,,,33.99,,9.71,10.26,,,,10.0,9.75,,,6.8,10.25,9.9,,12.17,,,,10.28,13.31,12.09,
2020-06-02,10.85,6.87,10.03,,10.5,,1.84,,,,10.56,9.8,41.27,9.98,10.355,9.66,,,10.1,10.3,,10.38,8.83,9.95,,3.53,7.732178173587751,10.52,,10.05,11.1,10.44,5.64,13.99,10.3329,,10.25,10.45,,,31.37,,10.0,10.27,,,9.98,10.0,9.6,,10.08,6.975,10.25,9.9,10.0,11.33,,,9.61,10.39,13.47,12.85,
2020-06-03,,7.22,,10.12,10.25,,1.76,10.59,,,10.53,9.75,40.16,,10.49,9.63,9.7,,10.1,10.29,,10.36,8.8,9.88,,3.55,7.58351491170612,10.45,,10.03,10.69,10.6,5.95,14.3,10.35,,10.24,10.62,,,33.97,,10.5,10.26,,,,10.0,,,10.1,7.0,10.25,,,11.84,,,,,13.92,13.35,
2020-06-04,10.6,7.58,10.08,10.1775,10.01,,1.97,,8.91,,10.5,,40.53,9.98,10.36,9.74,9.72,,10.11,10.3,,10.36,8.9,9.98,,3.63,7.59850084392609,10.44,10.55,10.06,10.9,10.36,5.9,13.55,10.35,,10.25,10.97,,,33.75,,10.72,10.31,,,10.0149,10.0,9.6735,,10.1399,7.0373,10.25,9.9,10.05,12.34,,,,10.41,13.64,13.36,
2020-06-05,10.85,7.99,,10.3,10.2,,2.12,10.67,8.44,,10.55,,39.34,10.01,10.34,9.75,,,10.12,10.31,,10.4,9.0,9.93,,4.51,7.70403557786951,,,10.08,9.89,10.38,5.96,13.86,10.33,,10.3,10.99,,,35.97,,10.98,10.35,,,9.98,,9.78,,10.15,6.5531,10.25,9.9,,12.41,,,,10.35,14.0,13.76,
2020-06-08,10.74,8.06,10.0,10.2342,10.24,10.835,2.11,10.82,,,10.4,,38.0,10.03,10.34,9.7175,9.75,,10.21,10.31,,10.4,8.98,9.9,,4.49,7.70396522138021,10.43,10.6,10.135,1.101492,10.49,5.98,14.19,10.35,,12.25,10.9,,,73.27,,11.17,10.675,,,,10.05,9.51,,,6.397,10.24,9.97,10.04,14.25,10.07,,,10.38,14.86,13.87,
2020-06-09,11.15,8.36,10.05,10.13,10.29,10.89,2.18,12.08,8.44,,10.34,9.95,39.41,10.01,10.39,9.72,9.73,,10.14,10.31,,10.35,8.93,9.95,,4.51,7.70403557786951,,10.6799,10.08,1.070244,10.25,5.98,14.4,10.35,,13.35,10.7,,,79.73,,11.04,10.6,,,,,9.63,,10.43,6.21,10.29,,10.03,14.5,10.07,,,10.37,14.22,14.31,
2020-06-10,11.165,8.18,10.1,10.2329,10.25,10.9,3.36,13.25,9.2,,10.52,9.86,39.11,10.03,10.35,9.69,9.75,,10.06,10.3,,10.39,8.8,10.04,,3.99,8.44277871547343,,11.0,10.1,1.07136,10.5,6.37,14.4,10.5,,13.75,10.86,,,65.01,,10.78,10.65,,,10.12,,9.69,10.78,10.395,6.245,10.5,9.97,10.047,14.72,,,9.7222,10.43,14.22,14.6,
2020-06-11,11.23,7.43,10.05,10.1563,9.55,10.8,4.06,11.9,,,10.25,9.85,36.28,10.02,10.27,9.69,9.76,,10.13,10.28,,10.39,8.39,9.96,,3.78,7.844748556460731,10.45,10.65,10.11,1.0881,10.46,6.7,13.49,10.45,,12.9,10.47,,,60.5,,9.97,10.5,,,,,9.89,10.6,,6.0,10.4,9.97,10.0,13.44,,,9.75,10.42,13.54,14.34,
2020-06-12,11.12,8.01,10.14,10.13,9.96,,4.55,11.95,,,10.39,9.855,36.88,10.025,10.35,9.63,,,11.22,10.27,,10.38,8.55,9.97,,3.94,7.80957031181293,10.49,10.61,10.15,1.027836,10.4301,6.95,13.4,10.6,,13.4,11.06,,,64.0,,10.55,10.3,,,10.09,,9.89,,10.13,6.15,10.45,9.86,10.05,13.14,10.08,,9.65,11.09,14.26,14.72,
2020-06-15,11.34,8.14,10.08,10.13,8.415,,3.96,12.89,8.8,,10.39,,41.79,9.98,10.35,9.65,9.75,,10.18,10.3073,,10.39,8.34,10.05,,3.97,7.879856444619241,10.6,10.9,10.18,9.41,10.38,6.57,12.99,10.6,,13.5,10.87,,,68.13,,10.72,10.29,,,,,9.6124,10.73,10.25,6.48,10.5,10.0,,14.85,,,9.75,11.3,14.24,14.92,
2020-06-16,11.26,8.37,10.15,,8.305,,4.0,14.5,10.0,,10.32,9.9,40.57,10.04,10.36,9.65,9.87,,10.39,10.33,,10.38,8.37,10.0,,3.82,8.24578054544572,10.75,11.0,10.18,8.7999,10.3,6.68,13.75,10.6,,14.3,11.17,,,62.93,,10.65,10.3,,,10.08,,,11.0,,6.1,10.49,9.97,10.0798,17.27,10.09,,9.74,11.55,14.49,15.45,
2020-06-17,,8.04,10.15,10.22,8.0,10.94,3.75,17.0,,,10.51,,40.72,10.1,10.39,9.65,,,10.39,10.32,,10.45,8.46,10.03,,3.92,9.9906214799769,10.65,12.3,10.27,8.5,10.48,6.89,14.16,10.71,2.75,14.73,11.275,,,64.06,,10.66,10.58,,,10.11,10.1,9.74,,10.2,6.18,10.56,9.97,10.08,18.64,10.15,,,13.59,14.16,16.28,
2020-06-18,11.07,8.69,10.15,10.23,8.21,10.8,3.52,18.55,8.92,,10.6,9.9006,40.84,10.12,10.41,9.68,,,10.69,10.35,,10.55,8.41,10.08,,4.13,9.18152185307736,10.97,12.82,10.22,8.89,10.55,6.84,14.05,10.68,2.69,15.1,11.4,,,67.73,10.8038,10.49,10.64,,,10.08,10.12,9.79,,10.235,6.16,10.51,9.98,10.05,18.33,10.06,,10.68,14.75,14.27,16.58,
2020-06-19,11.1,8.83,10.15,10.2875,8.44,11.0,4.08,17.93,9.0,,10.42,9.9,42.0,10.17,10.45,,9.81,,10.19,10.37,,10.49,8.03,10.06,,4.065,8.66791948121939,10.71,11.58,14.04,8.65,10.36,7.0,15.46,10.65,2.428,15.36,12.17,,,65.9,10.93,11.24,10.9,,,10.01,10.15,9.78,11.5,11.0,6.2,10.53,,10.1,17.4,,,,13.06,13.82,17.36,
2020-06-22,11.1,9.03,10.18,10.3001,7.94,11.24,3.95,16.66,8.5,,10.265,9.95,38.255,10.145,10.42,9.69,9.83,,10.25,10.39,,10.55,7.21,10.13,,3.98,8.40760047082563,10.63,11.3,18.29,9.035,10.37,6.98,17.0,10.6271,2.2,15.14,12.58,10.0,,70.0,11.36,11.08,10.85,,,10.14,10.22,9.8,10.6635,12.5,6.1,10.47,10.0,10.08,17.81,10.11,,9.95,12.41,13.48,17.98,
2020-06-23,11.08,9.0,10.15,10.29,8.05,10.9,3.97,16.0,8.95,,10.34,10.0,37.99,10.15,10.4,9.75,9.85,,10.89,10.39,,10.5,7.4,10.11,,4.1,8.231709247586599,10.6284,10.9993,17.4,9.05,10.38,6.8,16.8,10.72,2.1,15.0,12.6,9.91,,75.06,11.61,10.88,10.95,,,10.1508,10.19,9.73,,12.5,6.14,10.57,10.03,10.05,16.48,10.12,,9.95,11.84,13.58,16.12,
2020-06-24,11.0,8.75,10.07,10.28,7.83,10.8,3.86,14.98,8.95,,10.29,9.99,37.56,10.17,10.39,9.8,11.4,,10.79,10.45,,10.69,7.11,10.12,,3.9043,8.12617451364318,,10.922,16.21,9.0,,6.72,15.55,10.72,2.18,14.9,12.54,9.78,,74.19,11.25,10.83,10.92,,,10.1,10.05,9.81,,12.1,6.1,10.5,10.05,10.05,15.2,10.07,,,11.1,13.19,17.02,
2020-06-25,11.15,8.7,10.18,10.27,7.9,10.95,3.74,15.56,8.96,,10.24,9.99,36.07,10.154,10.38,9.8,10.9,,10.1,10.45,,10.65,7.0,10.07,,3.95,7.91510504575634,10.57,10.79,17.4,9.487,10.49,6.48,15.87,10.64,2.2,15.15,12.03,9.9,,71.1,11.37,10.06,10.83,,,,10.17,9.82,10.66,11.45,6.24,10.75,10.05,10.1,17.95,,,,11.58,12.98,17.05,
2020-06-26,11.1,8.01,10.17,10.29,6.88,10.8001,3.86,15.59,8.9502,,10.3,10.0,33.34,10.1,10.39,9.81,10.62,,9.55,10.4,,10.5,6.44,10.09,,4.025,8.33724398153001,10.6,10.8,24.57,9.41,10.5,6.25,16.77,10.57,2.03,14.91,12.09,9.94,,63.55,11.28,9.23,10.8,,,10.07,10.22,9.77,10.78,11.55,6.26,10.65,,10.05,17.12,10.07,,,15.0,12.27,16.66,
2020-06-29,11.05,7.75,10.38,10.25,6.255,10.9499,3.66,16.37,8.95,,10.25,10.02,33.54,10.42,10.37,9.77,11.12,,8.55,10.51,,10.68,6.49,14.4,,3.9,9.28705658702078,10.51,12.84,31.84,9.2,,6.47,16.02,10.6,2.0,14.82,12.05,9.9694,,67.57,11.68,9.3,10.86,,,10.2,10.2,10.01,,13.54,6.11,10.76,10.14,10.87,17.3,10.12,,9.96,16.73,13.11,16.46,
2020-06-30,11.05,7.77,10.35,10.27,6.5438,11.02,3.31,15.99,9.8,,10.23,10.05,33.26,10.45,10.4,9.8,10.73,,8.07,10.72,,10.85,6.9,16.35,,3.67,9.04080887448613,,12.17,27.44,9.45,9.6,6.9,15.74,10.69,3.05,15.1,12.07,9.97,,67.53,11.75,9.56,11.16,,,10.3,10.23,10.03,10.75,12.96,6.11,10.98,10.02,10.75,16.45,10.13,,,13.9,13.56,17.33,
2020-07-01,11.15,7.68,10.35,10.26,6.4744,10.97,3.18,15.1,9.1,,10.32,10.02,33.87,10.3619,10.39,9.75,10.86,,8.15,10.71,,10.8,7.8,14.35,,3.5,8.44277871547343,10.56,11.73,25.18,9.3756,10.41,6.65,15.15,10.6,2.95,15.15,12.01,9.97,,65.9,11.61,9.52,11.0,,,10.44,10.29,10.16,,12.58,6.1,10.96,10.0,10.75,16.98,,,10.1247,13.85,13.97,17.29,
2020-07-02,11.3,7.52,10.3,10.27,6.9,11.0,3.55,14.98,9.25,,10.38,9.98,33.06,10.39,10.39,9.82,11.05,,7.9,10.85,,10.85,7.63,14.45,,3.42,9.295,10.6,12.22,27.07,9.3504,10.43,6.25,15.05,10.86,2.55,15.46,12.09,10.0,,57.19,11.4803,9.74,11.04,,,10.45,10.17,10.2,,12.5,6.16,10.9,10.0,10.79,17.05,10.09,,9.99,20.53,14.07,17.01,
2020-07-06,11.99,7.69,10.29,10.255,7.77,10.95,3.43,14.02,,,10.4,10.07,32.42,10.35,10.37,9.77,11.05,,7.42,10.93,,10.9,7.47,13.75,,3.725,7.84,10.57,12.55,26.21,9.1455,10.48,6.45,14.4,10.8,2.49,15.64,11.97,9.9,,48.92,11.4,9.71,11.05,,,10.35,10.2,10.19,10.7331,13.01,6.18,11.26,10.1,10.9199,16.49,10.26,,9.9893,19.68,13.97,17.12,
2020-07-07,11.295,7.41,10.25,10.26,7.24,10.95,3.09,13.47,,,10.41,10.0475,30.6,10.24,10.36,9.84,10.82,,7.06,10.71,,10.84,7.09,12.16,,3.75,6.76,10.62,11.41,23.76,9.385,10.56,6.3,14.45,10.78,2.3199,15.76,11.82,10.05,,40.23,11.4,9.41,10.9999,,,10.36,10.2,10.11,,12.43,6.34,11.15,10.02,10.78,15.8,10.22,,,16.65,13.62,16.35,
2020-07-08,11.28,7.62,10.35,10.26,7.39,10.935,3.15,12.91,,,10.42,,33.1,10.25,10.375,,10.7,,7.55,10.81,,10.81,6.92,12.3,,3.98,8.395,10.6,11.61,26.34,10.1,10.57,6.35,13.5,10.75,2.39,15.84,12.03,9.98,,54.03,11.45,9.59,11.0,,,10.38,10.2,10.22,10.73,12.18,6.22,11.18,10.05,10.75,15.98,10.2112,,10.1,17.07,13.83,16.18,
2020-07-09,11.35,7.23,10.4499,10.28,7.08,11.0,3.15,13.02,9.0,,10.44,,32.805,10.43,10.2,9.84,11.0,,7.49,14.99,,10.89,6.74,14.05,,3.81,7.35,10.6,12.13,26.91,10.4,,6.26,13.41,10.9,2.57,15.72,11.85,10.0,,56.75,11.63,9.29,11.2,,,10.4,10.22,10.1,10.78,12.09,6.12,11.22,,10.82,16.07,10.1984,,9.9829,20.1,13.88,16.01,
2020-07-10,11.3,6.7,10.56,10.27,7.64,11.0,3.04,12.25,,,10.5,10.03,32.43,10.5,10.11,9.82,10.99,,7.6,16.7,,11.26,6.61,13.72,,3.9,6.45,10.58,11.94,26.89,10.97,10.57,6.22,12.65,11.0,3.2,15.38,11.93,10.02,,54.24,11.8,9.64,11.48,,,10.4,10.24,10.39,10.78,12.55,6.245,11.21,10.13,10.84,16.36,10.16,,10.1,20.1,13.9,15.92,
2020-07-13,11.37,6.76,10.45,10.3,7.9,10.91,3.01,11.63,8.0001,,10.4662,10.07,29.5,10.48,10.98,9.93,10.85,,7.8,15.06,,10.95,6.57,12.4,,3.7799,5.36,10.625,11.35,21.38,11.08,10.52,6.53,11.58,10.81,2.91,15.67,11.83,10.0,,53.95,11.48,9.3,11.18,,,10.4,10.26,10.41,10.77,12.21,6.12,11.06,10.41,10.7,14.47,10.19,,10.2,18.11,13.54,15.32,
2020-07-14,11.25,7.18,10.35,10.28,7.59,,2.83,12.1,,,10.5,10.15,30.215,10.5399,9.97,9.875,10.6,,7.9,14.37,,10.83,6.48,12.68,,3.875,5.55,10.65,11.49,23.47,10.8,10.5,7.0,11.3,10.86,3.04,17.95,12.0,10.0,,53.14,11.45,9.17,10.96,,,10.42,10.2522,10.51,10.79,11.73,6.1,11.0,10.35,10.66,14.35,10.12,,10.1,17.65,13.85,15.9,
2020-07-15,11.2,7.32,10.39,10.34,8.12,10.9101,3.29,12.4,,,10.41,,32.56,10.58,9.76,9.96,10.68,,8.03,14.8,,10.9,6.86,12.99,,3.85,5.71,10.65,11.4,23.3,11.045,10.53,7.0,11.23,10.88,3.42,19.05,12.17,10.99,,54.58,11.64,9.16,11.0,,,10.45,10.4,10.53,10.78,11.63,6.31,10.99,,10.72,14.2,10.13,,10.12,17.45,14.0,15.83,
2020-07-16,11.3,7.5,10.34,10.34,7.69,10.9519,3.28,12.2,,,10.42,10.15,35.64,10.59,9.3052,10.0,10.65,,7.84,13.7,,10.99,6.8,12.9,,3.85,5.57,10.64,11.4,23.15,10.68,10.53,6.75,11.07,10.95,4.73,18.41,11.58,10.7,,52.53,12.0,8.86,11.17,,,10.45,10.4,10.6199,10.765,11.2,6.19,12.21,10.22,10.69,13.99,10.13,,,16.55,13.88,16.34,
2020-07-17,11.35,7.49,10.33,10.35,8.0,,3.48,11.7,,,10.39,10.15,35.36,10.6,9.33,10.12,10.6,,8.07,15.45,,11.09,6.96,14.08,,3.85,5.6,10.66,11.49,22.59,10.72,10.4504,6.85,10.46,11.1,4.73,17.3,11.7,10.93,,48.84,12.0,8.5,11.22,,,10.45,10.4,10.61,,11.25,6.3757,12.3,10.3,10.92,14.38,10.175,,,17.92,14.24,15.62,
2020-07-20,11.51,7.42,10.35,10.35,8.4,,3.49,12.18,9.2,,10.35,10.16,35.41,10.6,8.75,10.07,10.62,,8.0,14.62,,11.07,6.91,14.15,,3.85,6.6,10.7,11.41,21.85,10.99,10.65,6.95,10.84,10.99,5.55,17.54,11.64,11.28,,38.45,11.93,8.77,11.05,,,10.45,10.5,10.63,10.8,11.35,6.2101,11.62,10.27,10.77,14.99,10.18,,10.04,16.99,13.99,15.29,
2020-07-21,11.6,7.66,10.36,10.39,8.26,,4.12,11.88,,,10.4,10.2799,37.55,10.58,6.97,10.08,10.55,,8.02,14.5,,11.09,6.86,14.55,,3.85,6.05,10.68,11.5,21.99,10.995,10.58,6.85,10.59,11.02,5.03,17.83,11.67,12.4,,39.75,12.0,8.81,10.96,,,10.485,10.45,10.7,10.75,11.54,6.335,12.2,10.39,10.81,14.75,10.17,,10.06,16.74,13.88,15.32,
2020-07-22,11.4,7.63,10.3,10.34,8.06,10.9319,4.04,11.89,,,10.4,10.4399,37.75,10.47,7.1,10.06,10.5,,7.78,13.86,,11.0131,6.8,13.75,,3.78,5.62,10.62,11.39,21.56,11.33,10.56,6.8,10.73,11.07,4.84,17.94,11.7,14.88,,36.57,12.05,8.85,10.83,,,10.485999999999999,10.5,10.87,10.7757,11.65,6.17,12.19,10.32,10.76,14.05,10.17,,10.21,16.05,13.76,16.14,
2020-07-23,11.35,7.81,10.5,10.375,8.3791,10.94,3.74,11.63,,,10.36,10.4,36.21,10.5,6.74,10.0,10.36,,7.88,13.14,,11.25,6.47,13.16,,4.1,5.5,10.6101,10.9,20.0,11.29,10.49,6.7,11.24,10.9,4.6,18.0,11.55,14.44,,33.94,11.95,8.68,10.98,,,10.36,10.45,10.85,10.7602,11.6,6.19,11.75,10.21,10.65,13.32,10.15,,9.8,16.2,13.56,15.65,
2020-07-24,11.26,7.62,10.43,10.3429,8.015,10.94,3.65,11.47,,,10.38,10.22,37.55,10.43,6.75,9.96,10.35,,7.66,13.36,,11.26,6.39,12.7,,4.12,5.44,10.6399,10.74,17.97,11.2,,6.63,10.57,11.04,4.61,17.64,11.6,13.65,,29.92,11.925,8.33,10.78,,,10.44,10.435,11.3,10.77,11.64,6.18,11.69,10.39,10.54,13.12,10.16,,10.02,15.91,13.58,15.46,
2020-07-27,11.31,7.63,10.36,10.37,8.44,11.055,3.96,11.92,,,10.22,10.4,35.115,10.55,7.41,10.221,10.45,,7.53,13.45,,11.02,6.52,12.4,,4.06,5.72,10.685,10.84,19.0,11.805,10.57,6.5,10.12,11.05,3.73,17.46,11.45,13.09,,33.2,12.0,8.355,10.91,,,10.4,10.26,11.85,10.75,11.16,6.66,11.44,10.45,10.72,15.3,10.21,,10.0,15.56,13.66,15.43,
2020-07-28,11.28,7.37,10.38,10.35,8.01,10.95,4.06,11.41,,,10.2,,34.63,10.46,7.28,10.0096,10.4,,7.52,13.18,,11.0,6.46,12.45,,4.1,5.585,10.6299,10.77,18.91,11.82,10.51,6.7,10.0,10.96,3.46,17.3,11.25,12.63,,32.75,11.87,8.32,10.84,,,10.49,10.42,11.75,10.7659,11.16,,11.38,10.41,10.63,15.71,10.175,,,15.5475,13.55,15.31,
2020-07-29,11.08,7.22,10.4,10.34,8.35,,4.33,11.39,8.3193,,10.21,10.35,35.89,10.45,7.06,10.03,10.39,,7.42,13.98,,11.15,6.76,12.23,,3.85,5.56,10.63,10.64,18.96,11.98,10.58,6.51,10.59,10.8,3.8,17.42,11.45,12.1,,31.23,11.68,8.21,10.9,,,10.38,10.43,11.46,,11.18,6.05,11.25,10.985,10.31,15.33,10.1559,,,15.32,14.0,16.02,
2020-07-30,11.15,7.25,10.34,10.3,8.45,11.0,4.23,11.28,,11.9,10.2,10.23,34.79,10.38,6.95,10.03,10.25,,7.2,13.7,,10.6,6.74,11.91,,3.88,5.3,10.63,10.5,19.0,12.86,10.56,6.94,11.1,10.61,3.7,17.02,11.35,12.12,,29.06,11.29,8.04,10.7,,,10.375,10.35,10.75,10.72,10.93,5.85,10.93,10.68,10.31,14.7,10.171,,10.135,15.1,14.25,16.18,
2020-07-31,11.0,7.6,10.2,10.3,8.5,10.96,4.25,11.13,13.0,11.2,10.18,10.1,33.375,10.3,6.78,10.0,10.25,,6.94,12.32,,10.45,6.68,11.5,,3.86,5.44,10.65,10.52,19.33,13.255,10.47,6.5,11.35,10.43,3.81,16.96,11.71,11.8,,30.0,10.85,7.88,10.49,,,10.24,10.18,10.585,10.7,10.71,5.87,10.59,10.45,10.39,14.7,10.135,,,13.5,14.5,15.35,
2020-08-03,10.96,7.58,10.22,10.44,8.55,10.93,4.35,11.42,12.0,,10.19,10.11,32.95,10.3,6.75,10.0,10.13,,7.46,12.4,,10.43,6.86,11.39,,3.98,5.25,10.67,10.56,19.99,14.165,10.52,6.5,11.59,10.45,3.55,17.27,11.35,11.65,,36.49,10.84,8.12,10.42,,,12.39,10.25,10.46,10.71,10.8,6.11,10.52,10.35,10.27,14.16,10.165,,10.02,13.76,15.01,15.59,
2020-08-04,10.97,7.37,10.21,10.42,8.65,,4.55,11.75,12.6,11.116,10.2,10.23,33.06,10.27,6.96,10.02,10.2,,7.51,12.0,,10.44,6.86,11.86,,3.82,5.3,10.7,10.66,20.1,14.4898,10.5,6.265,11.2,10.4,3.63,17.29,11.37,11.63,,38.84,10.99,8.41,10.42,,,13.0,10.23,10.48,,10.64,6.1448,10.65,10.35,10.33,13.99,10.15,,10.01,14.03,15.2,16.72,
2020-08-05,10.99,7.5,10.17,10.29,8.65,10.9799,4.84,11.6,14.09,10.75,10.1889,,32.55,10.25,6.93,10.02,10.15,,7.46,11.89,,10.35,6.87,11.7,,3.85,5.32,10.6881,10.51,19.6,15.4,10.5,6.45,11.01,10.59,3.45,17.36,11.44,12.0,,35.03,11.04,8.67,10.35,,,12.43,10.21,10.53,10.7,11.19,,10.66,10.49,10.31,13.72,10.16,,10.01,14.16,16.89,16.78,
2020-08-06,10.85,7.44,10.17,10.2801,8.8868,,8.35,11.3,13.44,11.15,10.165,,33.65,10.25,7.0,9.98,10.25,,7.48,12.37,,10.35,6.94,11.75,,3.9,5.65,10.63,10.51,19.71,15.82,10.58,6.66,11.06,10.7,3.65,17.69,11.36,11.75,,36.3,11.035,8.68,10.32,,,12.4,10.22,10.46,10.76,11.44,,10.79,10.45,10.3,14.18,10.1681,,,15.47,16.42,17.04,
2020-08-07,10.85,7.48,10.16,10.2839,9.0536,,7.84,11.25,14.98,10.63,10.18,10.13,34.09,10.23,8.45,10.03,10.29,,7.49,12.36,,10.42,7.16,12.19,,3.84,5.67,10.64,10.51,19.37,15.47,10.5,6.7,11.06,10.7,3.84,17.86,11.2,11.46,,36.72,10.99,8.53,10.38,,,12.25,10.22,10.16,,11.35,6.0,10.6,10.59,10.28,14.53,10.18,,10.03,15.92,16.49,17.47,
2020-08-10,10.72,7.7,10.16,10.31,9.2,,6.58,11.44,14.51,,10.17,,31.61,10.24,9.54,9.9766,10.23,,7.49,12.52,,10.37,7.32,12.63,,3.93,5.3,10.62,10.51,20.12,12.51,10.52,6.69,10.99,10.64,4.05,18.37,11.1,12.28,,44.81,10.91,8.5,10.35,,,12.58,10.23,10.5,10.7,11.6,6.2,10.74,10.45,10.29,15.99,10.18,,10.01,16.56,16.88,18.46,
2020-08-11,10.8,8.01,10.165,10.33,8.95,,7.03,11.69,14.3857,10.5,10.21,10.09,32.04,10.23,9.11,9.95,10.25,,7.45,12.27,,10.39,7.45,12.37,,3.87,5.08,10.63,10.47,20.0,10.21,10.51,6.6,10.61,10.75,4.01,18.68,11.1,12.1,,41.1,10.88,8.45,10.33,,,12.37,10.25,10.57,10.75,11.45,,10.71,10.41,10.3,15.55,10.2,,10.01,16.14,16.77,17.36,
2020-08-12,10.84,8.31,10.15,10.25,8.5,10.865,6.83,11.575,15.0,10.3,10.2,10.08,33.74,10.22,9.07,9.95,10.23,,7.5,12.23,,10.35,7.63,12.17,,3.74,4.1,10.62,10.5,19.9,10.67,10.52,6.5,10.65,10.7,4.07,17.93,10.63,11.9,,42.81,10.85,8.52,10.32,,,12.6,10.255,10.67,10.6601,11.68,,10.9,10.38,10.23,15.3,10.1801,,10.0,17.06,15.76,17.58,
2020-08-13,10.775,8.45,10.16,10.26,7.67,,6.29,12.89,14.75,10.32,10.16,10.0699,36.05,10.21,8.69,,10.29,,7.83,12.15,,10.38,7.31,13.25,,3.77,4.44,10.61,10.5,24.0,10.0,10.53,6.36,10.37,10.71,3.6797,18.33,10.53,12.2,,45.97,10.86,8.53,10.38,,,12.93,10.205,10.8,,11.6,7.91,10.99,10.33,10.26,15.3,10.18,,10.0,18.1,16.66,18.96,
2020-08-14,10.57,8.94,10.15,,8.365,10.9332,5.01,12.21,14.84,,10.21,10.05,33.91,10.2,8.6,10.0,10.22,,7.68,12.2,,10.33,7.33,12.99,,3.5912,4.28,10.16,10.5,24.45,10.44,10.55,6.37,9.95,10.61,3.83,18.42,10.09,12.17,,45.96,10.97,8.94,10.35,,,12.97,10.3,10.62,,11.44,7.3,10.87,10.3689,10.25,15.4,,,10.01,17.65,16.3,18.75,
2020-08-17,10.61,8.78,10.12,10.33,8.672,,4.99,12.4,14.98,10.21,10.21,10.06,34.68,10.24,8.42,9.87,10.18,,7.56,12.65,,10.33,7.72,13.35,,3.57,4.16,10.14,10.72,27.44,10.8498,10.43,6.35,9.95,10.54,3.85,19.31,10.22,12.2,,43.57,11.05,9.22,10.27,,9.9,13.55,10.28,10.645,,11.5,7.25,10.89,10.33,10.19,16.15,10.1802,,,18.15,15.75,18.56,
2020-08-18,10.69,8.42,10.07,10.25,9.0,10.97,4.9,12.3,14.89,10.23,10.15,10.02,37.21,10.16,8.48,9.9,10.09,,7.3,12.53,,10.3,7.53,14.16,,3.55,4.18,10.21,10.77,26.6,10.355,10.55,6.64,9.7,10.38,3.71,19.25,10.17,12.0,,41.76,10.85,9.2,10.23,,9.86,13.74,10.22,10.61,10.7373,11.68,7.3,10.69,10.25,10.1499,16.27,10.1801,,10.03,18.22,15.5,18.25,
2020-08-19,10.71,8.46,10.08,10.225,8.5,10.97,4.52,12.04,15.48,10.3,10.18,10.0,36.27,10.12,8.9,9.92,10.15,,7.29,12.34,,10.3,7.75,14.21,,3.625,4.34,10.24,10.75,26.45,9.85,,6.69,9.92,10.35,3.7,19.93,9.61,12.17,,42.53,10.9,9.26,10.22,,9.82,14.4,10.22,10.58,10.695,11.88,7.74,10.36,10.1,10.19,15.97,,,10.01,18.17,15.68,17.91,
2020-08-20,10.65,8.52,10.08,10.2001,8.5821,10.935,4.62,11.42,15.95,10.27,10.166,9.98,36.32,10.12,8.64,9.85,10.09,,7.22,12.16,,10.32,7.88,14.78,,3.5698,4.45,10.4323,10.84,26.84,10.12,,6.53,9.91,10.55,3.08,19.61,9.74,12.24,,40.94,10.78,9.245,10.21,,9.88,13.95,10.2,10.59,,12.13,7.7008,10.55,10.1768,10.2,16.22,10.18,,9.97,17.75,16.2,18.13,
2020-08-21,10.8755,8.43,10.05,10.22,8.03,,4.81,11.48,15.6,10.2,10.16,9.98,35.15,10.11,8.41,9.8514,10.06,,7.17,12.25,,10.34,7.97,14.5,,3.56,4.44,10.1,11.0,29.91,10.28,10.455,6.8,9.86,10.51,2.79,19.45,9.08,12.0,,39.37,10.94,9.34,10.21,,9.7926,13.34,10.2,10.7,10.6501,11.95,7.69,10.6,10.11,10.16,15.98,10.1403,,,17.54,15.91,18.42,
2020-08-24,10.71,8.6,10.09,10.24,8.5199,,5.44,11.32,16.6,10.14,10.17,10.01,35.81,10.12,8.46,9.87,10.06,,7.39,13.36,,10.34,7.66,15.84,,3.575,4.29,6.8,10.85,40.0,9.68,10.54,6.85,10.05,11.4,2.84,20.1,8.12,12.04,,38.69,10.98,9.19,10.23,,9.8,14.17,10.12,10.73,,12.06,7.07,10.71,10.225,10.23,18.09,,,10.255,19.23,16.5,17.2,
2020-08-25,10.73,8.63,10.07,10.3,8.1467,,5.59,11.7,17.68,10.265,10.18,10.01,39.06,10.14,8.72,9.85,10.08,,7.39,13.92,,10.34,7.55,16.0,,3.54,4.89,7.5,10.7,38.88,10.34,10.4,6.93,10.07,11.39,2.81,20.99,8.6,12.03,,39.18,10.8,8.84,10.42,,9.81,14.45,10.19,11.11,,12.12,7.57,10.88,10.205,10.3,17.74,,,10.03,18.31,16.92,17.83,
2020-08-26,10.725,8.5,10.12,10.2822,8.1567,,5.48,11.427999999999999,17.96,10.2,10.15,9.99,38.86,11.23,8.94,9.81,10.07,,7.9,13.38,,10.36,7.48,16.12,,3.41,4.47,7.8184,10.83,38.7,9.02,,6.8,10.2,11.13,2.82,21.72,8.51,12.0,,38.82,10.75,8.91,10.38,,9.83,16.0,10.15,11.36,10.66,12.095,,10.87,10.2,10.33,17.57,10.15,,9.97,18.33,16.74,17.63,
2020-08-27,10.7,8.49,10.1,,7.66,10.9263,4.62,11.32,17.2,10.35,10.175,9.997,39.06,11.1,9.63,9.75,10.095,,7.78,13.12,,10.35,7.71,15.46,,3.45,4.43,7.755,10.82,37.0,9.44,10.4293,6.85,9.65,10.95,2.64,22.38,8.76,12.7,,39.31,10.61,9.06,10.25,,9.85,17.83,10.2,11.2,10.72,12.35,7.0,10.68,10.25,10.7,17.2,10.1501,,,18.16,16.75,16.88,
2020-08-28,10.53,8.53,10.13,10.2401,8.2,,4.75,11.3,18.0,10.37,10.14,9.985,36.32,11.05,9.63,9.8,10.1,,7.76,12.96,,10.35,7.8,15.29,,3.49,4.45,7.49,10.85,38.0,9.63,10.46,6.87,9.68,11.12,2.46,22.685,8.78,13.46,,41.35,10.8,9.25,10.26,,9.885,17.64,10.19,11.28,,12.99,7.2,10.74,10.2,10.63,17.36,10.15,,,19.7,16.5,17.21,
2020-08-31,10.6,8.35,10.1,10.28,8.235,10.9,4.98,11.5,17.97,10.6,10.13,9.95,35.36,11.2,9.53,9.83,10.06,,8.01,13.0,9.7695,10.36,7.42,15.2,,3.5,4.33,7.25,10.95,39.44,8.84,10.4,6.9,9.38,11.01,2.71,21.86,9.4,13.5,,40.81,10.73,8.835,10.23,,9.9,16.78,10.18,11.36,10.65,13.4,6.87,10.75,10.22,10.52,17.25,10.1773,18.4,10.05,19.96,16.23,17.75,
2020-09-01,10.7,8.62,10.0501,10.3,8.5001,10.9386,5.19,11.33,17.88,10.27,10.17,9.95,36.93,11.44,9.59,,10.3,,8.17,13.57,8.55,10.35,7.5,15.17,,3.35,4.17,7.17,10.95,48.97,9.6,10.45,6.93,9.19,11.5,2.72,21.99,8.4,13.4,,41.0,10.9,8.9,10.245,,9.95,17.25,10.18,11.44,10.7,13.98,6.77,11.0,10.335,10.46,18.36,,17.88,9.97,22.45,16.44,17.93,
2020-09-02,10.84,8.86,10.1,10.24,8.405,,4.87,13.3,19.63,10.58,10.195,10.0,39.9,12.25,9.5,9.85,10.34,,7.97,14.45,7.63,10.34,7.82,16.4,,3.2,4.14,7.455,10.92,55.85,9.42,10.45,6.81,9.25,11.94,2.73,21.5,7.93,14.29,,39.42,11.11,9.15,10.3,,10.0,18.0,10.19,11.53,10.7,13.7501,6.5,14.02,10.34,10.48,22.91,10.1774,16.76,,24.47,16.64,17.71,
2020-09-03,10.9,8.65,10.1,10.2401,8.26,10.9,4.64,12.79,18.69,10.6695,10.21,10.01,38.27,11.71,9.13,9.85,10.28,,8.11,13.58,7.21,10.35,7.49,16.8,,3.22,4.01,7.0,10.9,50.75,9.3,10.44,6.75,8.9,11.4,2.64,20.85,7.0,14.6,,36.13,11.19,9.04,10.25,,18.74,17.9,10.32,11.65,,12.86,6.12,13.14,10.37,10.55,21.4,10.15,16.04,9.95,23.9,15.96,17.03,
2020-09-04,10.88,9.02,10.08,10.264000000000001,8.5,,4.97,12.86,17.93,10.6,10.2,9.99,37.0,11.68,9.97,9.95,10.21,,8.38,13.85,6.88,10.32,7.45,16.13,,3.14,3.86,7.225,10.86,50.35,8.83,10.455,6.76,9.4,11.9,2.63,20.1,6.84,15.16,,35.55,12.0,8.96,10.39,,22.5,17.6,10.36,11.52,10.7,13.5,6.1905,12.64,10.37,10.6,21.0,10.15,16.97,10.0907,25.78,16.1,16.04,
2020-09-08,10.42,8.84,10.115,10.3,8.72,11.05,4.84,13.81,17.77,10.47,10.185,10.01,37.01,11.39,9.8,9.95,10.2,,8.39,14.2,7.09,10.36,7.5,16.63,,3.1,3.75,7.77,10.83,53.3,10.4,10.48,6.47,8.73,11.88,2.55,21.51,7.11,15.11,,50.05,12.0,8.99,10.38,,20.13,17.78,10.39,11.62,,13.4,5.84,12.3,10.48,10.68,22.96,,17.86,9.95,29.75,16.35,15.61,
2020-09-09,10.42,8.71,10.07,10.2923,9.0473,10.9808,4.61,14.35,19.01,10.45,10.18,9.99,40.38,11.36,9.65,10.01,10.21,,8.68,14.46,7.26,10.41,7.5,18.12,,3.05,4.5901,7.08,10.79,51.23,10.22,10.4656,6.77,8.98,12.27,2.4801,21.44,8.29,14.5,,42.37,11.92,8.915,10.25,,18.5,19.98,10.4,12.74,10.74,13.0,5.88,12.88,10.6,10.61,24.65,,17.89,,30.43,16.85,18.29,
2020-09-10,10.38,8.32,10.06,10.21,8.85,10.98,4.23,14.2,19.94,10.31,10.18,9.985,42.54,11.53,9.74,9.99,10.51,,8.81,14.91,7.07,10.35,7.45,17.98,,3.0,4.27,7.29,11.0,49.82,10.83,10.46,6.95,9.15,12.47,2.57,21.39,8.65,14.02,,37.57,12.41,9.01,10.35,,18.25,21.1,10.43,12.85,10.74,12.85,5.9,12.36,10.54,10.45,24.18,10.18,17.95,,29.6,16.91,17.66,
2020-09-11,10.25,7.8,10.06,10.2,8.3,10.925,4.09,14.5,22.0,10.35,10.19,9.99,41.46,12.5,9.34,10.05,10.4,,9.01,15.18,7.31,10.345,7.32,17.74,,2.88,4.275,7.15,11.4,47.78,10.85,10.47,7.0,9.12,12.58,2.61,21.4,8.65,14.0,,32.13,12.7,9.19,10.27,,17.63,24.68,10.37,13.41,,12.77,5.95,12.1,10.49,10.55,24.87,10.15,17.71,10.071,28.9,16.95,17.5,
2020-09-14,10.21,7.85,10.07,10.25,8.22,10.95,3.94,14.263,23.68,10.45,10.19,9.99,48.62,12.04,9.89,10.05,10.39,,8.74,17.39,7.62,10.38,7.49,17.57,,3.01,4.03,6.76,11.63,43.25,12.37,,6.9,9.16,13.1,2.59,21.51,8.41,14.6,,35.79,13.05,9.97,10.39,,18.8,28.0,10.295,13.43,10.73,12.84,5.8,12.22,10.4,10.6,24.6,10.165,17.51,10.08,26.39,17.54,17.88,
2020-09-15,10.24,8.01,10.04,10.27,8.68,10.95,3.96,13.65,21.61,10.9,10.19,10.0,48.21,12.4,9.0,10.08,10.3,,8.57,16.74,7.08,10.34,7.76,17.7,,3.12,3.91,7.16,11.45,47.49,12.39,10.66,6.68,8.98,13.47,2.61,22.21,8.51,15.34,,32.83,17.56,9.94,10.364,,18.35,26.58,10.35,13.4,10.785,12.86,6.0,12.45,10.36,10.48,24.42,10.175,18.06,10.11,25.62,17.66,17.38,
2020-09-16,10.25,8.11,10.09,10.26,8.74,,4.07,13.88,20.9,11.24,10.19,9.99,51.03,12.15,8.29,10.12,10.31,,8.6,16.63,7.97,10.48,7.78,17.57,,3.67,3.65,7.13,11.19,47.01,12.64,10.5,6.85,8.92,12.67,2.63,22.9,8.68,15.2,,33.28,15.9,9.91,10.35,,18.66,27.45,10.85,14.0,10.77,12.32,5.9001,12.88,10.4,10.46,25.35,10.156,17.94,10.16,26.26,17.58,17.31,
2020-09-17,10.2108,8.12,10.03,10.25,9.07,10.9268,4.31,13.27,19.68,11.0535,10.17,10.0,53.11,12.35,8.4,10.15,10.18,,8.49,16.27,7.83,10.45,7.54,17.74,,3.69,3.65,7.05,11.09,47.92,11.74,10.45,6.75,8.82,12.5,2.58,21.8,8.48,14.79,,33.83,15.41,9.7,10.38,,17.88,27.88,10.65,14.24,10.8,12.08,5.95,12.8,10.23,10.5,27.2,,17.92,10.22,25.15,17.4,17.82,
2020-09-18,10.25,8.61,10.02,10.245,9.15,10.9007,4.16,14.96,19.59,11.0002,10.18,10.0,55.39,12.18,7.52,10.2007,10.2,,8.59,16.9,7.43,10.59,7.72,17.88,,3.57,3.59,6.73,11.14,50.0,11.6,10.48,6.85,9.19,12.12,2.6,21.9,8.93,15.05,,34.19,14.6,9.63,10.35,,17.85,29.01,10.79,14.18,10.88,12.17,5.995,12.85,10.38,10.5,28.0,10.15,18.06,10.25,26.05,17.61,18.16,
2020-09-21,10.22,8.26,10.01,10.23,8.93,,4.36,14.36,18.1,10.51,10.2,9.99,51.49,11.5,7.58,9.75,10.1199,,8.5,16.43,7.18,10.36,7.22,18.12,,3.4,3.14,7.03,10.85,50.4,12.14,10.47,6.86,9.14,12.2,2.32,20.95,8.49,14.5,,27.58,15.35,8.62,10.34,,18.35,31.4,10.7,13.6,10.89,11.59,6.21,12.61,10.41,10.48,26.8,,17.82,10.2,24.05,16.95,17.67,
2020-09-22,10.22,8.43,10.02,10.225,8.91,,4.26,13.85,19.01,10.45,10.17,9.98,53.94,11.32,7.1,10.11,10.06,,8.21,15.73,7.26,10.45,7.2,16.7,,3.0,2.8,7.02,10.795,48.16,12.46,10.42,7.31,9.24,11.87,2.18,22.23,7.48,14.25,,28.51,16.78,8.42,10.29,,18.99,28.17,10.75,13.0,10.8,12.67,,12.14,10.27,10.38,24.51,10.1715,17.68,10.0,23.31,16.97,17.46,
2020-09-23,10.1575,7.35,9.99,10.2,8.845,11.0,3.95,12.85,18.3,10.375,10.18,9.96,50.12,11.03,7.21,10.115,10.02,,7.99,14.06,7.07,10.39,6.74,15.08,,3.1,2.56,,10.55,44.86,12.65,10.395,6.99,9.26,11.7,2.205,22.35,7.48,13.5,,21.15,15.27,8.14,10.29,,16.74,24.4,10.75,12.96,10.751,12.22,6.4,11.47,10.22,10.34,22.83,,17.28,10.1,21.02,16.73,16.68,
2020-09-24,10.19,7.42,10.0,10.2,8.75,,3.85,13.0,17.99,10.4,10.18,9.95,50.57,10.85,7.29,10.035,10.02,,7.81,13.0,6.82,10.45,6.73,13.88,,3.015,2.53,,10.74,40.5,12.16,10.36,7.18,9.26,11.4,2.38,22.3,6.42,13.89,,19.1,15.89,8.415,10.24,,16.0,21.8,10.65,11.95,10.8,11.85,6.05,11.57,10.08,10.26,19.72,10.15,17.1,,18.51,16.64,16.15,
2020-09-25,10.2,7.7,10.0,10.22,8.67,11.08,4.0,12.78,17.8,10.39,10.21,9.95,53.19,11.13,7.21,10.1,10.0201,,8.03,13.75,6.945,10.4,6.8,14.85,,3.04,2.55,7.01,10.75,44.39,10.9,10.3877,6.79,10.13,11.39,2.25,23.55,6.22,14.1,,19.46,16.42,8.44,10.22,,17.15,23.89,10.69,12.55,,11.98,6.0,11.94,10.2,10.4,22.29,10.18,17.0,,20.42,16.82,16.45,
2020-09-28,10.24,8.1,10.0,10.2268,9.0,,4.01,12.98,19.0,10.4,10.215,9.97,56.89,11.13,7.63,10.195,10.0,,8.45,14.3,7.01,10.45,7.26,15.15,,2.89,2.59,6.9,10.95,48.0,11.16,10.4171,6.8798,9.82,11.68,2.17,24.79,6.22,14.15,,19.3,16.72,8.53,10.22,,17.86,26.95,10.69,12.92,11.88,11.95,5.88,11.84,10.24,10.4,24.96,,17.25,10.5,24.42,16.97,16.71,
2020-09-29,10.19,7.66,10.0,10.22,,10.9,4.05,12.77,18.42,10.32,10.23,9.98,55.74,10.97,7.51,10.16,10.07,,8.48,14.43,7.15,10.4,7.51,14.59,,2.97,2.52,7.05,11.35,53.51,9.6,10.38,7.3,10.55,11.9,2.23,25.16,6.09,13.98,,17.88,18.75,8.51,10.23,,16.9,27.4,10.7,12.62,10.75,12.1,5.7043,11.84,10.28,10.3,25.54,,17.77,12.6,24.75,17.13,17.39,
2020-09-30,10.16,7.83,10.0,10.24,8.825,10.965,4.19,12.27,18.19,10.45,10.18,9.96,58.84,10.8,7.7,10.08,10.01,,8.34,14.42,6.95,10.4,7.73,14.37,,2.8,2.49,,11.14,49.83,10.51,10.37,7.15,10.61,11.42,2.25,25.5,5.79,13.58,,20.48,18.99,8.5,10.31,,16.75,25.75,10.69,12.76,,11.81,5.7,12.16,10.15,10.37,23.64,,17.9,12.4,18.69,17.32,17.08,
2020-10-01,10.17,7.86,10.0,10.21,8.7,,4.34,12.11,18.18,10.38,10.17,9.94,61.83,10.89,7.86,10.21,10.015,8.7,8.42,15.05,7.72,10.42,8.14,14.4,,2.9,2.29,6.9,11.34,44.91,9.04,10.3601,8.19,11.37,10.85,2.26,26.84,5.5,14.24,,24.11,18.57,8.83,10.32,,16.65,24.97,10.65,12.1,,11.64,5.85,12.35,10.14,10.38,23.97,,18.0,12.9,16.77,17.9,18.08,
2020-10-02,10.18,8.22,10.02,10.23,8.61,11.0999,4.36,11.91,18.12,10.37,10.15,9.95,63.78,10.94,7.85,10.25,9.9982,6.8,8.45,14.35,7.33,10.37,8.16,14.56,,2.9,2.08,6.89,11.3,39.5,7.58,10.4398,7.49,10.78,10.88,2.245,27.49,4.66,14.0,,24.25,18.41,9.36,10.27,,15.93,23.4,11.5,11.74,10.75,11.67,5.91,12.39,10.13,10.35,22.9,,18.06,12.85,17.08,17.59,18.51,
2020-10-05,10.06,8.53,10.0,10.225,9.05,10.9212,4.15,12.03,18.24,10.22,10.14,10.0,60.55,10.85,7.82,10.25,10.0,7.23,8.45,14.25,8.15,10.35,8.385,14.26,,2.92,2.1,7.03,11.39,39.16,7.6,10.44,7.68,10.88,10.78,2.15,27.61,4.84,14.19,,23.78,18.25,9.92,10.23,,14.95,23.28,10.37,11.92,,11.26,5.9601,12.36,10.03,10.5,23.23,10.18,17.95,13.5,16.23,17.8,19.4,
2020-10-06,10.02,8.18,10.0,10.2,,10.91,4.24,11.425,18.27,10.2,10.2,10.01,56.78,10.5,7.62,10.25,9.95,7.0,8.32,13.9,8.26,10.35,8.08,13.8,,2.965,2.12,7.03,11.42,33.28,6.91,10.45,,11.15,10.55,2.15,27.97,4.55,13.53,,23.57,16.35,9.16,10.23,,13.7,21.58,10.24,11.73,10.78,11.0,5.95,12.0,10.03,10.45,21.06,10.1802,18.05,13.5,17.4,17.84,18.74,
2020-10-07,10.04,8.23,10.02,10.2068,8.98,,4.17,11.57,18.16,10.2,10.15,10.03,53.33,10.75,7.22,10.215,9.97,5.38,8.3,13.7,8.32,10.33,7.96,13.95,,2.97,2.46,7.19,11.7,29.4,7.15,10.41,7.896,11.1,10.54,2.23,27.2,4.34,13.69,,25.72,17.57,9.26,10.25,,13.72,21.61,10.37,11.83,,11.1,6.02,12.0,10.01,10.64,22.16,10.2,18.07,13.55,16.91,18.1,19.06,
2020-10-08,10.06,8.19,10.1,10.22,,10.93,4.18,11.74,18.31,10.3399,10.2,9.9,51.13,10.72,7.43,10.14,9.955,5.75,8.02,13.94,8.77,10.33,7.95,14.15,,2.82,2.28,6.6,11.55,30.95,7.25,10.42,,11.35,10.5,2.3,26.8,4.02,13.62,,25.0,18.78,9.15,10.24,,14.1,20.57,10.35,11.71,,10.94,6.14,12.49,10.04,11.15,24.37,10.18,18.09,13.45,16.7,18.14,19.41,
2020-10-09,10.05,8.0,10.09,10.23,9.16,11.17,4.15,11.72,19.77,10.2302,10.1672,10.05,48.82,10.81,7.33,10.25,10.04,5.22,8.08,14.6,8.9,10.37,8.49,14.1,,2.82,2.4,6.71,11.89,29.73,7.54,10.44,8.04,11.73,10.55,2.29,26.69,3.94,13.9,9.82,24.66,21.24,9.25,10.21,,14.75,23.2,10.54,11.9,,11.32,,13.6,10.03,11.56,24.4,10.15,17.98,13.5,16.92,18.04,19.43,
2020-10-12,10.01,7.95,10.01,10.2,8.9,10.95,4.28,11.55,19.45,10.18,10.16,9.96,50.6,10.98,7.24,10.42,9.99,5.86,8.27,14.13,8.58,10.33,8.59,13.75,,2.68,2.39,6.54,11.84,28.72,7.34,10.45,8.0,12.05,10.63,2.44,26.77,3.97,14.32,9.0,24.15,23.2,9.52,10.23,,15.7,25.19,10.6,12.39,,11.31,,13.95,10.01,11.7,24.27,10.16,17.92,13.325,17.83,17.98,19.74,
2020-10-13,10.05,7.83,10.01,10.21,9.0,10.95,4.19,11.6,21.94,9.95,10.145,9.94,51.18,10.75,7.1,10.55,10.005,6.27,8.3,14.16,8.11,10.34,8.7,13.74,,2.6501,2.4,6.6,11.5,26.49,7.25,10.44,7.71,11.71,10.57,2.41,27.39,4.03,13.66,8.32,24.23,24.08,9.4,10.2,,15.1,25.6,10.5,12.07,,11.98,,13.9,10.02,11.6,25.2,10.205,17.87,13.33,17.27,17.93,19.47,
2020-10-14,10.02,7.75,10.01,10.25,8.85,10.9,4.35,11.6,25.81,9.97,10.24,10.1,47.56,10.68,7.1,10.85,9.99,7.04,8.33,14.32,8.6,10.35,8.52,13.5,,2.71,2.46,6.01,12.25,29.14,7.48,10.45,7.52,11.36,10.6,2.33,27.64,4.07,13.45,8.73,24.11,26.48,9.21,10.6,,14.5,24.55,10.45,12.24,10.73,11.66,,13.83,9.99,11.96,26.18,10.18,17.85,13.3573,16.96,18.31,18.53,
2020-10-15,10.01,8.17,10.01,10.22,8.85,10.955,4.37,11.55,25.0,10.0,10.2,11.2,45.0,10.7,7.23,10.9,10.0,7.3,8.27,13.98,8.41,10.35,8.4,13.25,,2.67,2.37,6.03,12.28,28.27,7.53,10.43,7.78,11.38,10.51,2.38,27.02,3.99,14.0,9.49,23.3,23.93,9.33,11.0,,14.65,22.83,10.29,12.41,10.7,11.42,5.84,13.8,10.01,12.23,24.07,10.18,17.95,13.38,16.82,18.33,18.24,
2020-10-16,10.02,8.39,10.01,10.24,9.15,11.0182,4.18,11.6,25.5829,10.04,10.2,10.76,44.34,10.67,7.08,11.65,9.9701,7.51,8.06,13.42,8.56,10.35,8.46,14.09,,2.68,2.4,5.63,12.0,27.0,7.99,10.4401,7.54,11.37,10.57,2.68,27.51,3.77,13.88,9.37,19.545,22.91,9.36,11.37,,14.48,23.03,10.29,13.26,,11.24,5.8,13.61,10.06,12.74,25.13,10.12,17.76,13.4,16.5,18.34,18.14,
2020-10-19,10.06,8.21,10.01,10.225,8.965,10.93,4.31,11.26,24.87,10.0,10.19,11.02,44.58,10.9,6.82,11.5,9.965,8.01,8.25,12.85,8.77,10.34,8.5,13.5,,2.7,2.21,5.25,12.31,25.55,7.67,10.4401,7.3,11.57,10.4,2.94,27.3,3.64,14.01,8.81,20.46,21.34,9.31,12.15,,14.54,21.75,10.24,13.31,,10.72,5.7601,13.85,10.06,12.9,23.39,10.18,17.7,13.4,15.34,18.32,18.19,
2020-10-20,10.04,8.01,10.0,10.22,7.3066,11.02,4.3,11.1,25.06,10.02,10.16,10.52,42.53,11.12,7.11,11.5,9.96,8.0,8.41,11.85,8.95,10.33,8.52,13.31,,2.7,2.2,5.0,12.345,23.15,7.58,10.44,,11.38,10.33,2.77,27.22,3.6,13.78,8.39,20.72,22.73,9.33,12.02,,15.1,19.17,10.27,13.21,,10.83,5.8897,13.19,10.03,12.75,21.66,10.11,17.68,13.96,14.39,18.51,18.28,
2020-10-21,10.05,7.74,9.99,10.2282,7.3199,8.78,4.25,10.85,23.9,10.08,10.17,10.67,41.5,10.85,7.27,11.48,10.01,7.69,8.31,12.27,8.41,10.34,8.54,13.04,,2.71,2.1,4.55,12.18,22.55,7.7,10.45,7.52,11.3,10.3,2.68,27.23,3.4,13.7,7.88,22.24,21.92,9.26,11.86,,14.19,21.42,10.29,12.98,,10.92,5.9,12.6,10.03,11.54,20.46,10.14,17.86,14.2,13.31,18.57,17.91,
2020-10-22,10.03,7.93,10.01,10.2325,6.7171,8.1,4.17,10.74,24.18,10.25,10.1601,9.69,43.0,10.95,7.34,11.45,10.01,7.92,8.53,11.21,9.12,10.38,8.57,12.7,,2.7271,2.1,4.5,12.0,24.31,7.75,10.4401,8.0,11.19,10.21,2.72,27.3,3.57,13.42,8.0,22.72,19.73,9.5,11.3,,13.75,20.45,10.19,12.5,,9.93,,12.74,10.03,11.48,19.55,10.2,17.98,14.5,13.34,19.05,17.83,
2020-10-23,9.84,8.33,10.03,10.235,6.9,11.04,4.37,11.05,25.81,10.19,10.1601,9.05,42.74,10.65,7.58,11.4,10.0,7.96,8.79,10.32,8.64,10.25,8.61,12.25,,2.7,2.06,4.31,11.99,22.11,8.32,10.445,7.85,11.28,10.21,2.65,27.15,3.45,13.35,7.73,22.54,19.44,9.31,11.08,,13.87,18.21,10.2,12.2,10.81,9.58,5.985,12.42,10.03,11.0,19.22,10.1301,17.68,14.2,13.18,18.84,17.92,
2020-10-26,9.58,7.88,10.0,10.25,6.7143,10.91,4.13,10.76,24.31,10.01,10.15,8.51,39.69,10.5,7.29,10.95,10.0,7.26,8.41,10.0,8.37,10.33,8.51,11.79,,2.63,2.02,4.5,11.45,20.75,8.06,10.44,8.05,11.19,10.14,2.59,26.87,3.32,12.8,7.8,20.91,17.98,9.19,10.92,,12.92,18.97,10.19,11.62,,9.55,5.81,12.4,10.0,10.6,17.11,10.12,17.5,14.55,13.99,18.17,17.49,
2020-10-27,8.66,7.86,10.03,10.25,6.65,10.96,4.12,10.65,24.17,10.1,10.15,8.6,38.7,10.4,7.14,10.86,10.02,7.5,8.53,10.0,8.58,10.36,8.43,11.74,,2.7,2.03,4.2001,11.21,21.27,8.04,10.44,7.077999999999999,11.08,10.13,2.55,26.41,3.05,12.21,7.81,21.39,18.19,9.11,11.14,,12.4,16.56,10.18,11.64,,9.51,,12.02,10.06,10.6,19.01,10.1335,17.51,14.81,13.96,17.92,17.06,
2020-10-28,8.86,7.56,9.99,10.24,6.25,10.9009,3.79,10.6,25.84,9.88,10.15,8.38,38.15,10.18,7.31,10.75,10.0,6.97,8.71,9.15,8.1,10.35,8.05,11.62,,2.7797,1.92,4.36,11.05,20.0,7.82,10.45,7.0,10.96,10.08,2.51,26.15,2.9,11.23,7.5,19.67,17.36,8.61,10.83,,11.59,14.03,10.1,11.3,11.155,9.0,6.1499,11.26,10.04,10.53,17.65,10.1,16.86,14.75,12.81,17.6,16.29,
2020-10-29,9.5,7.81,9.98,10.23,6.505,10.96,3.94,10.6,25.76,10.0,10.15,8.44,37.37,10.26,7.4,10.78,10.02,7.2,8.54,8.96,8.61,10.15,7.88,12.2,,2.73,1.94,4.25,11.09,20.05,7.82,10.46,6.95,10.82,10.09,2.42,25.58,2.85,11.39,7.59,19.79,17.11,8.23,11.07,,12.0,14.74,10.11,11.2,10.85,9.29,6.15,11.29,9.35,10.26,17.52,,16.98,15.5,13.17,17.94,16.07,
2020-10-30,8.99,7.62,10.02,9.83,6.85,10.95,3.9,10.72,27.25,10.3,10.15,8.63,35.4,10.2,7.26,10.99,10.01,6.92,8.19,10.14,7.92,10.35,7.8,12.4,,2.795,1.91,4.555,11.0,18.92,8.17,10.47,7.0,10.38,10.2,2.27,25.96,2.87,11.11,7.3,18.31,16.44,7.92,10.97,,11.8,13.05,10.11,11.14,,8.9,5.925,11.53,9.22,10.3,17.15,10.19,16.96,15.48,12.23,17.65,15.55,
2020-11-02,8.78,7.83,10.02,9.35,6.85,9.09,3.98,10.57,29.43,10.22,10.15,8.77,35.72,10.25,7.51,11.05,10.07,6.7589999999999995,8.36,11.31,7.5,10.75,7.87,12.14,,2.71,1.81,4.6,11.07,18.67,8.22,10.36,6.7,10.05,10.15,2.27,25.64,2.65,11.08,7.31,18.58,15.55,8.29,10.87,,12.01,13.07,10.1,11.36,10.87,8.86,,11.08,8.97,10.17,16.55,10.19,17.08,15.5,12.26,17.41,15.96,
2020-11-03,8.3,8.05,10.02,9.76,6.75,7.84,4.01,10.65,29.76,10.1,10.16,9.13,37.47,10.33,7.47,11.4,10.09,6.625,8.38,11.65,7.36,10.54,7.9,12.31,,2.72,1.88,4.41,11.15,20.56,7.88,10.44,6.7,9.96,10.18,2.32,26.65,2.5,11.46,7.69,18.84,16.67,8.65,10.84,,13.0,15.99,10.16,11.16,10.85,9.08,6.13,11.4,9.38,10.17,16.75,10.15,17.28,15.54,12.81,17.6,16.87,
2020-11-04,8.21,8.07,10.03,9.55,6.9,6.46,3.9,10.6,29.24,10.18,10.15,8.9,39.46,10.3,7.25,11.39,10.09,6.8,8.32,10.92,7.74,10.4,7.89,12.7,,2.74,1.9,4.58,10.9523,21.08,7.72,10.45,6.82,9.98,10.2,2.36,28.21,2.4,11.53,8.4,18.46,18.2,8.22,11.14,,12.93,16.85,10.1,11.11,,8.86,6.1411,11.63,9.26,10.22,18.0,10.17,17.34,15.5,12.86,17.35,17.35,
2020-11-05,8.35,8.32,10.04,10.12,7.03,6.05,4.15,10.7,30.3,9.82,10.15,9.21,43.03,10.49,7.7,11.44,10.11,7.5,8.45,11.01,8.34,10.23,8.16,13.42,,2.75,3.41,4.825,11.25,23.56,8.17,10.44,7.03,10.04,10.24,2.33,28.2,2.43,11.93,8.85,19.95,18.92,8.43,11.18,,12.95,18.1,10.13,11.2,10.88,8.67,6.1415,12.42,9.4,10.2,19.12,10.17,17.75,15.49,14.94,17.28,18.79,
2020-11-06,8.74,8.24,10.03,10.12,6.78,4.99,4.14,10.65,34.16,10.05,10.2,9.24,42.32,10.49,7.85,11.42,10.25,7.6763,8.59,10.86,8.48,9.94,8.75,13.44,,2.715,2.66,4.48,11.44,22.58,8.15,10.45,7.31,9.92,10.28,2.36,29.27,2.64,11.79,8.7,19.58,20.23,8.43,11.51,,14.15,17.89,10.11,11.26,10.87,8.69,6.2,12.2,9.0,10.28,19.6,10.22,17.28,15.63,13.87,16.96,18.82,
2020-11-09,8.88,8.39,10.03,10.08,6.92,3.09,4.09,10.65,33.18,10.16,10.21,9.22,41.5,10.43,8.12,11.05,10.16,7.68,8.87,14.34,9.48,9.945,8.76,13.55,,2.6843,2.29,4.89,11.87,23.08,7.73,10.43,7.35,9.9,10.16,2.38,27.81,2.92,11.46,8.67,18.63,18.98,8.68,10.99,,14.15,17.86,10.14,11.24,10.88,8.41,6.37,12.1,8.79,10.5,20.06,10.18,17.01,15.8,13.04,16.9,18.82,
2020-11-10,8.7,9.0,10.03,10.3,7.055,2.89,3.92,10.69,34.25,10.64,10.18,8.95,40.36,10.42,7.6,10.87,10.21,7.1,8.88,13.88,10.26,9.9,8.88,13.4,,2.69,2.3,5.1,11.87,23.73,7.73,10.445,7.17,10.0,10.19,2.38,26.91,2.9,12.4,8.73,18.03,18.08,9.2,10.65,,14.13,16.76,10.11,11.2,,8.97,6.8,12.06,8.22,11.4,17.29,11.0,16.97,16.32,12.86,16.82,19.2,
2020-11-11,8.79,8.83,10.04,10.32,7.105,3.11,3.96,10.65,32.73,10.96,10.19,9.44,41.64,10.29,7.79,10.8001,10.43,7.7,9.12,14.0,10.3,10.5,8.53,13.03,,2.6451,2.27,5.0001,12.16,23.49,7.75,10.45,7.2,10.1,10.17,2.32,28.58,2.905,13.29,7.01,20.18,18.03,9.16,10.67,,14.14,17.34,10.12,11.16,,9.53,7.09,12.01,8.17,12.15,17.64,9.85,17.14,16.07,13.66,17.35,19.37,
2020-11-12,9.92,8.92,10.02,10.31,7.0,2.89,3.95,10.5952,30.97,11.88,10.18,9.8,41.25,10.29,7.68,10.77,10.52,7.25,8.98,15.01,10.34,10.5,8.48,12.68,,2.59,2.04,5.21,12.21,23.5,7.73,10.45,6.85,10.09,10.14,2.25,28.89,3.16,13.66,6.27,19.57,17.88,9.08,10.69,,14.3,16.7,10.15,10.99,10.8035,9.89,7.8,12.01,7.98,12.25,17.49,10.4,18.2,16.2,13.505,17.31,19.37,
2020-11-13,10.24,8.11,10.03,10.27,6.86,2.45,3.98,11.15,31.49,12.29,10.22,9.23,42.84,10.4,7.87,10.88,10.82,7.15,8.92,17.44,10.3,10.35,8.53,13.29,,2.6,2.49,5.475,12.3,22.33,7.8,10.45,7.0,9.95,10.16,2.27,30.0,3.27,13.89,6.69,21.18,19.02,9.36,10.63,,19.5,17.9,10.21,11.07,10.878,7.29,8.38,12.69,8.16,12.05,17.06,10.04,18.61,16.25,14.51,17.99,19.7,
2020-11-16,10.26,8.45,10.0207,10.32,6.72,2.25,4.15,11.01,29.59,12.35,10.2,9.22,42.73,10.47,7.65,11.01,10.68,7.1,8.34,17.1,11.04,10.53,8.68,13.85,,2.675,1.15,6.0,12.41,23.35,7.93,10.49,7.59,10.5,10.19,2.48,29.47,3.39,14.0,6.91,21.9,18.49,9.5,10.52,,19.67,22.55,10.2,11.32,10.9,7.01,8.79,12.71,8.27,11.94,16.63,9.02,18.92,16.0,15.52,18.27,20.4,
2020-11-17,9.97,8.83,10.03,10.18,6.4,2.3525,4.18,11.09,30.28,12.59,10.22,10.5,46.61,10.46,7.58,10.97,10.59,7.6,7.87,16.43,10.8,10.55,8.77,14.39,,2.82,1.17,5.37,13.8,25.33,7.85,10.16,7.65,10.49,10.2,2.36,29.15,3.3,14.39,7.06,22.03,18.51,9.67,10.5,,17.2,24.7,10.33,11.6,10.9,6.84,9.5,13.23,8.17,12.04,17.01,8.17,18.62,16.25,16.25,18.41,20.64,
2020-11-18,9.93,9.04,10.04,10.21,6.2,2.26,5.29,11.04,30.22,12.66,10.18,10.05,47.68,10.37,7.41,11.21,12.14,7.5999,7.85,17.01,10.98,10.9,9.49,14.96,,2.7060000000000004,1.22,5.34,16.07,24.67,7.8,10.16,7.57,10.27,10.2,2.58,29.41,3.21,15.09,7.13,25.42,18.7,9.6,10.59,,18.11,27.5,10.39,12.64,10.78,6.6,10.32,13.7,8.75,12.25,16.83,8.56,18.82,16.2,15.9,18.1,20.93,
2020-11-19,9.82,8.98,10.1,10.21,5.85,2.1499,4.69,10.87,30.49,12.95,10.19,9.9,49.32,10.37,7.15,11.4,12.6,7.28,8.29,17.0,11.0,10.6,9.54,14.8,,2.6,1.27,5.15,15.01,24.3,7.75,8.055,7.45,10.46,10.6,2.52,29.98,3.16,15.73,7.58,26.23,19.42,9.61,10.52,,20.0,25.44,10.53,13.3,10.89,6.715,10.23,13.97,8.61,12.16,15.7,8.55,19.1,16.4,16.26,18.54,21.38,
2020-11-20,9.9,8.86,10.09,10.1,5.23,2.58,4.49,11.56,30.91,13.65,10.18,10.05,48.23,11.13,6.99,11.55,14.07,8.35,8.0,16.3,11.17,10.0,9.53,14.48,,2.83,1.35,4.48,14.59,25.1,7.76,8.095,7.55,10.5,12.75,2.62,30.49,3.19,16.75,7.56,26.38,19.05,9.7,10.96,,20.14,26.46,10.85,13.92,10.86,6.59,9.72,13.54,8.5,12.05,15.79,8.35,19.39,16.4,16.36,18.62,21.0,
2020-11-23,10.13,9.0,10.08,10.16,5.09,3.03,4.52,12.235,30.75,14.2,10.19,9.91,48.03,11.64,6.83,11.57,15.45,9.17,7.99,15.97,11.02,9.94,9.94,14.59,,2.8414,1.39,4.92,15.1,27.0,7.82,6.01,7.58,10.69,12.9,2.72,29.95,3.05,18.8,7.56,29.41,18.64,9.75,10.86,,22.05,28.6,11.3,13.5,10.87,6.63,8.9664,13.29,8.15,11.8,17.35,8.72,19.55,16.78,16.74,18.97,20.03,
2020-11-24,10.5,9.28,10.09,10.205,5.095,2.82,4.64,12.25,30.74,13.61,10.5,10.0,47.89,11.55,7.12,11.55,14.13,9.36,8.21,15.97,11.1,9.89,9.67,16.37,,2.68,1.37,5.2778,15.27,24.85,7.7,5.93,7.46,10.25,13.6,2.84,28.52,2.95,22.23,7.47,34.5,18.75,9.86,10.76,,21.63,27.37,11.88,15.65,10.875,7.32,8.46,12.99,8.06,11.71,15.81,8.3,20.14,16.31,16.17,18.64,19.95,
2020-11-25,10.35,9.3,10.07,10.25,5.209,2.78,5.1,12.45,30.4,13.98,10.46,9.94,50.23,11.87,6.94,11.49,15.0,9.41,8.32,21.61,11.26,9.6,9.87,17.75,,2.67,1.32,5.22,15.68,24.19,7.79,5.62,7.72,10.26,13.59,2.85,28.58,3.05,22.29,7.5,30.24,20.43,9.63,10.8,,23.5,27.12,14.09,16.23,10.82,8.99,8.7867,12.98,8.22,11.86,15.94,7.15,19.85,16.39,15.52,18.83,21.04,
2020-11-27,10.42,9.31,10.065,10.46,5.19,2.91,4.92,12.41,29.26,14.44,10.41,9.92,52.75,12.19,7.06,11.76,14.99,9.45,8.47,20.68,11.65,9.5,10.31,20.0,,2.6588,1.34,5.36,19.25,24.49,7.63,5.84,7.78,10.28,15.39,2.64,28.64,3.01,21.71,7.47,27.93,21.8,9.69,10.97,,37.0,26.5,16.98,16.25,10.9,9.21,9.0581,13.05,8.33,11.95,15.83,7.62,20.19,16.42,16.06,18.85,21.92,
2020-11-30,10.51,9.06,10.09,10.98,5.15,2.74,4.96,12.5,28.31,14.12,12.25,9.79,52.36,12.88,6.9,12.5,15.07,8.97,8.29,19.38,11.5,9.5,10.79,20.0,,2.69,1.46,5.37,17.18,20.08,7.8,5.86,,10.16,18.4,2.55,28.12,2.89,21.52,6.94,20.41,22.54,9.61,11.04,,47.0,24.6,17.75,15.99,10.96,9.39,9.06,15.5,8.06,11.91,15.24,7.07,20.18,16.5,15.92,18.71,22.03,
2020-12-01,10.58,8.76,10.1,11.4,5.55,2.62,4.79,14.16,27.88,14.77,11.16,9.59,50.78,12.8,6.95,12.76,13.77,9.45,9.02,18.17,11.75,9.51,10.37,19.38,,2.69,1.38,5.46,17.4,19.13,7.61,5.75,7.75,9.89,17.0,2.46,28.03,2.84,20.55,6.78,17.37,20.14,9.71,10.95,,35.42,23.41,15.46,16.5,11.0,8.7,9.35,15.0,8.3,12.31,14.94,7.03,19.13,16.4,15.12,19.39,21.67,
2020-12-02,10.29,8.98,10.1,11.3,5.96,2.54,5.24,13.88,29.06,15.04,10.96,9.5,51.1,13.36,7.09,13.3,13.81,9.04,9.53,17.3,11.65,10.21,10.61,18.09,,2.715,1.42,5.1027,17.35,18.42,7.38,6.34,,9.98,18.0,2.43,27.01,2.81,20.91,7.05,18.32,20.55,9.68,11.33,,37.71,22.08,14.81,16.33,11.0,8.97,8.81,15.68,8.3,12.38,15.42,7.07,18.83,16.44,14.63,19.39,21.82,
2020-12-03,10.58,9.05,10.08,11.02,6.29,2.49,4.96,13.77,29.8,15.39,11.43,9.3,50.06,14.47,7.34,13.77,14.45,8.75,9.69,17.3,12.09,10.43,10.6,19.81,,2.73,1.45,4.78,18.77,18.04,7.4,5.92,7.5,10.79,22.98,2.46,27.05,3.35,22.11,7.03,18.98,21.42,9.53,11.91,,38.55,22.99,15.29,16.87,10.66,8.58,8.9166,16.68,8.3,12.42,15.67,7.03,19.49,16.47,15.0,19.24,21.97,
2020-12-04,10.95,9.23,10.23,10.92,7.07,2.57,5.17,15.45,29.84,15.45,11.65,9.18,49.25,17.37,7.28,14.2,14.56,7.88,9.79,17.15,12.4,10.67,10.83,23.38,,2.77,1.42,5.0,23.96,18.03,7.43,6.2,,10.77,31.4,2.42,28.21,2.99,23.06,7.59,18.88,21.67,9.82,12.52,,42.5,23.47,18.34,17.24,10.9,8.95,8.6853,17.76,8.56,14.42,15.69,6.86,19.44,16.31,15.12,19.75,22.45,
2020-12-07,11.07,9.27,10.25,11.69,7.07,2.54,5.67,17.31,29.47,17.19,12.42,8.84,47.93,20.75,7.28,15.36,15.35,6.98,9.73,17.3,12.96,12.24,10.99,24.77,,2.78,1.45,6.98,23.51,19.31,7.27,5.95,7.52,10.76,40.88,2.27,28.3,2.93,27.68,8.61,18.44,25.59,9.5,12.78,,44.17,20.08,16.66,19.02,11.1,9.47,8.52,17.84,8.48,14.05,15.96,6.23,19.63,15.98,18.81,19.39,22.5,
2020-12-08,11.49,9.26,10.13,10.9288,7.49,2.365,5.34,16.3,29.5,16.06,12.6,8.9,50.85,23.55,7.16,15.31,14.43,6.27,9.89,17.21,12.65,12.5,11.33,24.74,,2.8338,1.42,9.5,25.27,19.01,6.94,5.9,8.27,10.35,41.8,2.2246,30.08,2.4,26.21,8.24,18.92,25.15,9.55,12.87,,57.9,19.37,18.41,18.75,10.4923,9.31,9.075,19.59,8.44,13.75,16.89,5.73,19.34,15.85,20.84,19.91,23.26,
2020-12-09,11.53,9.19,9.68,10.79,7.67,2.29,5.0,16.37,29.85,16.13,13.0,8.69,48.94,24.77,7.3,14.31,14.66,5.91,9.92,16.83,13.06,13.33,11.8,23.0,,2.82,1.41,11.25,23.31,17.94,6.94,5.845,8.35,10.04,36.92,2.2,29.72,2.37,26.13,8.81,18.31,26.82,9.36,12.83,,75.14,19.2,18.92,18.32,10.34,8.68,8.94,18.85,8.14,13.18,17.45,5.56,19.23,15.5,19.91,18.92,21.91,
2020-12-10,11.4,8.81,9.61,10.84,7.65,2.61,5.07,16.4,29.76,16.71,13.6,8.9,50.11,18.88,9.89,16.0,15.4,6.41,10.06,15.03,13.07,14.07,11.77,23.25,,2.83,1.38,14.85,21.8842,17.32,6.92,5.85,8.0,9.97,34.17,2.2,33.34,2.26,25.14,8.39,18.57,26.22,9.81,12.91,,76.61,18.17,20.91,19.21,9.95,8.78,8.73,19.75,7.77,13.0,17.61,5.94,19.12,15.2,20.15,19.03,21.46,
2020-12-11,11.48,9.04,9.62,10.63,7.26,2.49,5.14,16.45,29.76,16.9,13.74,8.85,50.09,16.75,9.61,15.15,14.65,6.35,10.39,14.67,13.38,13.93,11.46,22.16,,2.6854,1.38,13.11,19.7,17.32,6.83,5.6934,7.85,9.94,28.12,2.13,32.34,2.28,26.43,8.47,17.62,25.43,9.5,12.71,,64.15,19.58,21.29,18.9,9.0,8.64,8.68,19.5,7.45,12.71,18.31,6.66,19.08,15.21,18.325,18.98,21.42,
2020-12-14,11.66,9.0,9.23,11.01,7.19,2.44,5.03,15.23,29.75,17.04,13.32,9.7,50.58,17.07,9.0,15.76,14.63,6.34,10.47,15.59,13.05,13.73,11.11,21.43,,2.74,1.36,14.86,17.75,16.4,6.9,5.16,7.74,9.67,27.76,2.4,33.53,2.19,26.3,8.68,16.41,29.48,9.36,12.64,,56.1,19.0,20.41,18.82,8.75,8.48,9.13,19.19,7.44,12.65,20.45,6.9,19.62,15.99,19.1,19.03,21.46,
2020-12-15,11.69,9.12,9.27,10.9599,7.17,2.39,5.25,14.98,29.84,17.19,13.08,10.89,50.5,16.28,9.0,17.03,14.78,7.16,10.8,14.82,13.01,12.79,11.09,20.65,,2.81,1.37,13.8,17.05,15.75,7.15,4.9999,7.81,10.28,22.87,2.32,32.61,1.87,25.68,8.44,16.48,27.88,9.49,13.45,,62.2,20.71,18.35,19.03,8.08,8.19,9.57,18.0,7.26,12.55,19.35,6.68,20.55,16.0,19.44,19.0,21.35,
2020-12-16,11.78,9.05,9.29,11.15,7.13,2.46,5.4,15.7,30.26,16.34,13.03,10.61,53.8,17.13,9.4,16.76,14.62,9.72,10.68,15.34,12.7,12.14,11.69,22.99,,2.77,1.39,14.01,17.4,16.79,7.67,4.94,7.8,9.9,24.7,2.24,32.17,1.88,28.23,8.87,17.0,25.67,9.41,13.43,,62.78,19.36,19.2,20.0,8.7194,8.18,9.793,17.68,7.31,13.2,19.25,6.69,21.07,16.31,20.58,18.75,21.47,
2020-12-17,12.31,9.11,9.24,11.2,7.33,2.83,5.4,15.71,33.85,18.27,12.75,11.09,55.2,16.82,9.38,17.39,14.56,10.65,11.38,16.66,12.44,12.64,11.43,23.44,,2.8,1.37,14.09,16.44,18.59,7.85,4.82,7.96,9.68,25.12,2.19,32.99,2.27,32.62,9.36,17.22,29.44,9.26,13.5,,67.55,19.22,19.94,20.32,8.05,8.83,9.7,22.73,8.11,9.09,20.26,6.62,22.54,16.15,20.65,19.28,22.16,
2020-12-18,12.72,8.95,9.31,11.0,6.8,2.77,5.19,16.0,33.43,17.12,13.0,10.53,53.9,16.09,11.13,18.0,14.56,9.3,11.47,16.13,12.5,12.69,11.23,21.26,,2.82,1.29,14.0,16.16,17.51,7.95,4.72,7.74,10.07,27.62,2.23,31.81,2.0,32.51,9.62,17.08,29.5,9.3,13.37,,73.73,18.72,21.95,20.6,7.92,8.64,9.415,20.92,8.07,8.45,22.16,6.37,21.96,16.74,20.07,19.19,21.75,
2020-12-21,13.46,9.05,9.21,11.45,7.25,2.7,5.7,15.56,31.95,17.07,11.41,13.21,53.34,18.5,10.94,18.42,15.11,9.58,11.0,15.9,12.16,12.87,11.89,22.35,,2.71,1.33,15.56,16.23,17.19,8.04,4.87,7.98,10.11,35.15,2.13,32.955,1.9299,35.72,9.43,17.02,31.25,8.91,13.73,,94.9,19.35,23.9,20.95,7.96,9.14,9.5,19.76,8.4,9.89,25.5,6.25,21.74,18.5999,24.68,19.01,21.94,
2020-12-22,13.54,9.1,9.52,12.2,7.07,2.85,6.74,14.97,32.14,17.41,10.9,13.9,52.4,20.01,12.4,20.19,16.0,12.37,11.33,15.69,12.9,13.66,12.23,23.86,18.89,2.65,1.33,19.3,16.61,17.22,7.98,5.18,7.94,9.91,37.37,2.12,33.9,1.88,39.14,9.7,16.83,29.65,8.92,13.73,,131.67,20.52,25.38,21.56,8.55,9.43,9.5527,19.98,7.915,10.33,25.86,6.01,22.85,17.7,27.38,18.96,22.81,17.52
2020-12-23,13.5,9.03,9.35,11.1,7.295,2.88,6.21,14.5,31.68,17.24,11.2,13.45,53.89,21.3,12.1,22.71,23.13,10.97,11.58,16.74,13.21,13.51,12.34,24.46,19.4,2.66,1.33,19.26,19.91,18.3,7.88,5.89,7.6,9.93,35.22,2.1,33.25,1.9,36.07,9.14,15.03,27.25,8.85,14.0,,110.79,22.61,28.6,22.83,9.0,9.32,,19.57,8.04,12.06,24.69,6.06,22.38,19.0,26.5,19.0,22.54,32.59
2020-12-24,13.34,9.16,9.44,11.8844,7.36,2.7663,6.87,14.8,31.71,17.76,11.49,13.8,52.11,19.2,11.98,22.15,19.23,11.25,11.51,16.69,12.98,13.6,12.41,25.49,17.81,2.63,1.3,14.6,20.05,17.1,7.73,8.3,7.59,9.99,33.06,2.04,33.2,1.89,35.51,8.93,13.75,27.35,8.68,14.37,15.03,114.77,21.74,34.0,23.94,8.6,9.18,,19.02,7.85,14.35,24.96,6.15,22.29,19.56,24.68,18.93,22.1,29.78
2020-12-28,13.24,9.87,8.55,16.75,7.25,2.81,7.62,13.97,32.04,17.78,10.95,13.42,48.96,18.93,11.61,24.65,22.47,15.88,11.44,16.31,13.45,13.7,11.96,26.24,15.39,2.66,1.29,15.15,19.85,16.4,7.9,7.24,8.25,9.89,31.05,2.13,32.5,1.95,34.11,8.74,16.405,24.51,9.4,14.21,14.71,115.2,21.98,31.94,24.28,8.92,9.33,9.28,19.41,7.97,14.72,23.42,6.01,21.81,19.95,22.59,18.65,21.32,26.84
2020-12-29,13.14,10.0,7.81,14.57,7.13,2.72,7.29,14.39,32.45,16.98,10.41,14.0,48.11,17.1,11.9,24.2,23.74,14.02,11.19,15.45,13.15,13.84,12.04,25.49,14.63,2.73,1.24,15.89,19.0,16.06,7.79,6.28,8.34,9.99,32.36,2.06,32.56,1.98,30.57,8.56,16.13,25.01,9.24,13.77,14.51,101.0,21.34,27.0,22.76,8.4999,8.78,9.23,20.62,7.99,12.63,22.68,5.85,22.47,20.5,22.87,18.5,20.75,24.39
2020-12-30,13.29,9.92,8.82,13.59,7.13,2.66,7.41,14.25,34.9,17.12,9.86,14.3,48.95,17.11,11.99,23.8,23.15,15.54,10.99,15.36,13.14,13.25,12.36,22.55,14.32,2.7,1.24,15.77,18.73,16.72,7.97,5.75,7.74,10.99,36.14,2.0764,33.56,1.84,32.77,8.48,15.98,24.27,9.09,13.85,14.38,98.29,21.52,26.42,21.51,8.8,8.63,8.65,19.27,7.69,11.92,24.32,5.97,22.26,20.0,24.5,18.59,21.02,22.8
2020-12-31,13.17,9.88,9.0,13.41,7.03,2.73,7.2,13.69,34.15,16.58,8.9,13.95,46.56,17.2,12.04,23.51,20.84,16.14,10.9,14.65,13.0,13.32,12.6,19.7,13.8,2.75,1.23,15.97,18.43,16.48,7.85,6.36,8.08,10.79,34.0,1.93,34.96,2.0,32.17,7.99,15.26,22.73,9.18,13.58,14.27,84.45,20.06,22.49,21.65,8.745,8.27,8.6601,20.0,7.84,11.03,22.89,6.32,22.06,20.91,22.82,18.67,20.75,23.73
